Workbook

Sheet 報價總覽
A2: 基益營造工程報價整理
A3: 新臺幣元。原分類與費用完整保留；明細可篩選並追溯PDF頁碼。
A5: 原總表分類 | B5: 原列金額 | C5: 明細彙總 | D5: 彙總減原列 | E5: 說明
A6: 假設工程 | B6: 6917256 | C6: =SUMIFS(報價明細!$I$6:$I$196,報價明細!$B$6:$B$196,A6) -> 6917256 | D6: =C6-B6 -> 0
A7: 結構工程 | B7: 63168038 | C7: =SUMIFS(報價明細!$I$6:$I$196,報價明細!$B$6:$B$196,A7) -> 63168038 | D7: =C7-B7 -> 0
A8: 鋼構工程 | B8: 41869118 | C8: =SUMIFS(報價明細!$I$6:$I$196,報價明細!$B$6:$B$196,A8) -> 41869118 | D8: =C8-B8 -> 0
A9: 泥作裝修工程 | B9: 41094488 | C9: =SUMIFS(報價明細!$I$6:$I$196,報價明細!$B$6:$B$196,A9) -> 41094489 | D9: =C9-B9 -> 1
A10: 外部裝修工程 | B10: 13066593 | C10: =SUMIFS(報價明細!$I$6:$I$196,報價明細!$B$6:$B$196,A10) -> 13066593 | D10: =C10-B10 -> 0
A11: 門窗工程 | B11: 7371886 | C11: =SUMIFS(報價明細!$I$6:$I$196,報價明細!$B$6:$B$196,A11) -> 7371886 | D11: =C11-B11 -> 0
A12: 設備工程 | B12: 4693000 | C12: =SUMIFS(報價明細!$I$6:$I$196,報價明細!$B$6:$B$196,A12) -> 4693000 | D12: =C12-B12 -> 0
A13: 雜項工程 | B13: 2937300 | C13: =SUMIFS(報價明細!$I$6:$I$196,報價明細!$B$6:$B$196,A13) -> 2937300 | D13: =C13-B13 -> 0
A14: 綠化植栽工程 | B14: 1849985 | C14: =SUMIFS(報價明細!$I$6:$I$196,報價明細!$B$6:$B$196,A14) -> 1849985 | D14: =C14-B14 -> 0
A15: 勞工安全衛生管理費（0.8%） | B15: 1463741 | C15: =SUMIFS(報價明細!$I$6:$I$196,報價明細!$B$6:$B$196,A15) -> 1463741 | D15: =C15-B15 -> 0
A16: 工程營造保險費（0.5%） | B16: 914838 | C16: =SUMIFS(報價明細!$I$6:$I$196,報價明細!$B$6:$B$196,A16) -> 914838 | D16: =C16-B16 -> 0
A17: 管理費及利潤（8%） | B17: 14637413 | C17: =SUMIFS(報價明細!$I$6:$I$196,報價明細!$B$6:$B$196,A17) -> 14637413 | D17: =C17-B17 -> 0
... A19: 空氣污染防治費 | B19: 65000 | C19: =SUMIFS(報價明細!$I$6:$I$196,報價明細!$B$6:$B$196,A19) -> 65000 | D19: =C19-B19 -> 0
A21: 原報價總計 | B21: 210047839 | C21: =SUM(報價明細!I6:I196) -> 210047840 | D21: =C21-B21 -> 1 | E21: 原總價保留，不以重算結果覆蓋
A22: 稅前合計 | B22: 199983656 | E22: 不含營業稅；基益另列空污費
A23: 營業稅 | B23: 9999183 | E23: 原報價稅額
A24: 空污費 | B24: 65000 | E24: 是否包含及課稅口徑依原單
A25: 報價日期 | B25: 2026-04-01 | E25: PDF日期2026/4/1
A26: 有效期限 | B26: 文件未列 | E26: 原報價條件
A27: 明細筆數 | B27: 191 | E27: 含明細及僅在總表列示的費用
A29: 報價日期較另兩家早約半年，數量與部分規格差異大，須確認圖說版本及重報價。
A31: 核對採原單顯示數量及單價四捨五入至元；小額差異可能源自底層精度。
A34: 原分項小計（不再加總） | B34: 原列金額 | C34: 明細彙總 | D34: 彙總減原列 | E34: 分類／PDF頁
A35: 防水，屋面工程 | B35: 3830976 | C35: =SUMIFS(報價明細!$I$6:$I$196,報價明細!$B$6:$B$196,"泥作裝修工程",報價明細!$C$6:$C$196,"防水，屋面工程") -> 3830976 | D35: =C35-B35 -> 0 | E35: 泥作裝修工程／p4
A36: 室內地坪工程 | B36: 13750957 | C36: =SUMIFS(報價明細!$I$6:$I$196,報價明細!$B$6:$B$196,"泥作裝修工程",報價明細!$C$6:$C$196,"室內地坪工程") -> 13750957 | D36: =C36-B36 -> 0 | E36: 泥作裝修工程／p4
A37: 室內牆面工程 | B37: 21078914 | C37: =SUMIFS(報價明細!$I$6:$I$196,報價明細!$B$6:$B$196,"泥作裝修工程",報價明細!$C$6:$C$196,"室內牆面工程") -> 21078914 | D37: =C37-B37 -> 0 | E37: 泥作裝修工程／p5
A38: 室內平頂工程 | B38: 2433641 | C38: =SUMIFS(報價明細!$I$6:$I$196,報價明細!$B$6:$B$196,"泥作裝修工程",報價明細!$C$6:$C$196,"室內平頂工程") -> 2433642 | D38: =C38-B38 -> 1 | E38: 泥作裝修工程／p5
A39: 門窗工程本體 | B39: 5710846 | C39: =SUM(報價明細!I107,報價明細!I108,報價明細!I109,報價明細!I110,報價明細!I111,報價明細!I112,報價明細!I113,報價明細!I114,報價明細!I115,報價明細!I116,報價明細!I117,報價明細!I118,報價明細!I119,報價明細!I120,報價明細!I121,報價明細!I122,報價明細!I123,報價明細!I124,報價明細!I125,報價明細!I126,報價明細!I127,報價明細!I128,報價明細!I129,報價明細!I130,報價明細!I131,報價明細!I132,報價明細!I133,報價明細!I134,報價明細!I135,報價明細!I136,報價明細!I137,報價明細!I138,報價明細!I139,報價明細!I140,報價明細!I141,報價明細!I142,報價明細!I143,報價明細!I144,報價明細!I145,報價明細!I146,報價明細!I147,報價明細!I148,報價明細!I149,報價明細!I150,報價明細!I151) -> 5710846 | D39: =C39-B39 -> 0 | E39: 門窗工程／p7
A40: 玻璃工程 | B40: 592809 | C40: =SUMIFS(報價明細!$I$6:$I$196,報價明細!$B$6:$B$196,"門窗工程",報價明細!$C$6:$C$196,"玻璃工程") -> 592809 | D40: =C40-B40 -> 0 | E40: 門窗工程／p7
A41: 崁縫工程 | B41: 841325 | C41: =SUMIFS(報價明細!$I$6:$I$196,報價明細!$B$6:$B$196,"門窗工程",報價明細!$C$6:$C$196,"崁縫工程") -> 841325 | D41: =C41-B41 -> 0 | E41: 門窗工程／p7
A42: Silicone工程 | B42: 226906 | C42: =SUMIFS(報價明細!$I$6:$I$196,報價明細!$B$6:$B$196,"門窗工程",報價明細!$C$6:$C$196,"Silicone工程") -> 226906 | D42: =C42-B42 -> 0 | E42: 門窗工程／p7
A43: 總表附加費小計 | B43: 17015993 | C43: =SUM(B15:B17) -> 17015992 | D43: =C43-B43 -> -1 | E43: 安衛＋保險＋管理利潤；原小計比三筆加總多1元

Sheet 報價明細
A2: 報價明細（新臺幣元）
A3: 藍字為原報價數值；空白金額代表未列價。乘算僅供核對，不取代原複價。
A5: 資料ID | B5: 原分類 | C5: 子分類 | D5: 原項次 | E5: 工程項目／規格 | F5: 單位 | G5: 數量 | H5: 原單價 | I5: 原複價 | J5: 數量×單價 | K5: 原複價減乘算 | L5: 品牌／原備註 | M5: PDF頁 | N5: 性質 | O5: 統一比較分類 | P5: 核對說明
A6: jiyi-001 | B6: 假設工程 | D6: 1 | E6: 基地整地及廢物運棄 | F6: 式 | G6: 1 | H6: 120000 | I6: 120000 | J6: =IF(OR(G6="",H6=""),"",ROUND(G6*H6,0)) -> 120000 | K6: =IF(OR(I6="",J6=""),"",I6-J6) -> 0 | M6: 2 | N6: 工程明細 | O6: 假設工程
A7: jiyi-002 | B7: 假設工程 | D7: 2 | E7: 工地施工圍籬（含防溢座及噴漆） | F7: M | G7: 308.81 | H7: 1850 | I7: 571299 | J7: =IF(OR(G7="",H7=""),"",ROUND(G7*H7,0)) -> 571299 | K7: =IF(OR(I7="",J7=""),"",I7-J7) -> 0 | M7: 2 | N7: 工程明細 | O7: 假設工程
A8: jiyi-003 | B8: 假設工程 | D8: 3 | E8: 工.地進出活動大門 | F8: 座 | G8: 1 | H8: 25000 | I8: 25000 | J8: =IF(OR(G8="",H8=""),"",ROUND(G8*H8,0)) -> 25000 | K8: =IF(OR(I8="",J8=""),"",I8-J8) -> 0 | M8: 2 | N8: 工程明細 | O8: 假設工程
A9: jiyi-004 | B9: 假設工程 | D9: 4 | E9: 安全警示燈、工地安全守則、工程告示牌 | F9: 式 | G9: 1 | H9: 15000 | I9: 15000 | J9: =IF(OR(G9="",H9=""),"",ROUND(G9*H9,0)) -> 15000 | K9: =IF(OR(I9="",J9=""),"",I9-J9) -> 0 | M9: 2 | N9: 工程明細 | O9: 假設工程
A10: jiyi-005 | B10: 假設工程 | D10: 5 | E10: 臨時活動廁所 | F10: 座 | G10: 2 | H10: 15000 | I10: 30000 | J10: =IF(OR(G10="",H10=""),"",ROUND(G10*H10,0)) -> 30000 | K10: =IF(OR(I10="",J10=""),"",I10-J10) -> 0 | M10: 2 | N10: 工程明細 | O10: 假設工程
A11: jiyi-006 | B11: 假設工程 | D11: 6 | E11: 申請臨時水，電及工地配管、拉線費 | F11: 式 | G11: 1 | J11: =IF(OR(G11="",H11=""),"",ROUND(G11*H11,0)) | K11: =IF(OR(I11="",J11=""),"",I11-J11) | L11: 威向水電 | M11: 2 | N11: 工程明細 | O11: 假設工程 | P11: 原單未列金額；不視為零元或已含。
A12: jiyi-007 | B12: 假設工程 | D12: 7 | E12: 臨時水及通訊.電費使用費 | F12: 月 | G12: 1 | J12: =IF(OR(G12="",H12=""),"",ROUND(G12*H12,0)) | K12: =IF(OR(I12="",J12=""),"",I12-J12) | L12: 業主自理 | M12: 2 | N12: 工程明細 | O12: 假設工程 | P12: 原單未列金額；不視為零元或已含。
A13: jiyi-008 | B13: 假設工程 | D13: 8 | E13: 結構體完成/完工交屋 清潔費 | F13: 建坪 | G13: 1182.89 | H13: 500 | I13: 591445 | J13: =IF(OR(G13="",H13=""),"",ROUND(G13*H13,0)) -> 591445 | K13: =IF(OR(I13="",J13=""),"",I13-J13) -> 0 | M13: 2 | N13: 工程明細 | O13: 假設工程
A14: jiyi-009 | B14: 假設工程 | D14: 9 | E14: 外觀及交屋清潔費 | F14: 建坪 | G14: 1182.89 | H14: 350 | I14: 414012 | J14: =IF(OR(G14="",H14=""),"",ROUND(G14*H14,0)) -> 414012 | K14: =IF(OR(I14="",J14=""),"",I14-J14) -> 0 | M14: 2 | N14: 工程明細 | O14: 假設工程
A15: jiyi-010 | B15: 假設工程 | D15: 10 | E15: 週邊環境公共設施維護費 | F15: 式 | G15: 1 | H15: 80000 | I15: 80000 | J15: =IF(OR(G15="",H15=""),"",ROUND(G15*H15,0)) -> 80000 | K15: =IF(OR(I15="",J15=""),"",I15-J15) -> 0 | M15: 2 | N15: 工程明細 | O15: 假設工程
A16: jiyi-011 | B16: 假設工程 | D16: 11 | E16: 垃圾管道 | F16: 式 | G16: 1 | H16: 50000 | I16: 50000 | J16: =IF(OR(G16="",H16=""),"",ROUND(G16*H16,0)) -> 50000 | K16: =IF(OR(I16="",J16=""),"",I16-J16) -> 0 | M16: 2 | N16: 工程明細 | O16: 假設工程
A17: jiyi-012 | B17: 假設工程 | D17: 12 | E17: 臨時道路補修及維護 | F17: 式 | G17: 1 | H17: 150000 | I17: 150000 | J17: =IF(OR(G17="",H17=""),"",ROUND(G17*H17,0)) -> 150000 | K17: =IF(OR(I17="",J17=""),"",I17-J17) -> 0 | M17: 2 | N17: 工程明細 | O17: 假設工程
A18: jiyi-013 | B18: 假設工程 | D18: 13 | E18: 勘驗/竣工圖繪製/使用執照申請費 | F18: 式 | G18: 1 | H18: 500000 | I18: 500000 | J18: =IF(OR(G18="",H18=""),"",ROUND(G18*H18,0)) -> 500000 | K18: =IF(OR(I18="",J18=""),"",I18-J18) -> 0 | M18: 2 | N18: 工程明細 | O18: 假設工程
A19: jiyi-014 | B19: 假設工程 | D19: 14 | E19: 開工、上樑、各式典禮及其他未列之雜項費用 | F19: 式 | G19: 1 | H19: 300000 | I19: 300000 | J19: =IF(OR(G19="",H19=""),"",ROUND(G19*H19,0)) -> 300000 | K19: =IF(OR(I19="",J19=""),"",I19-J19) -> 0 | M19: 2 | N19: 工程明細 | O19: 假設工程
A20: jiyi-015 | B20: 假設工程 | D20: 15 | E20: 營造廠技師現場勘驗簽証費 | F20: 次 | G20: 5 | H20: 15000 | I20: 75000 | J20: =IF(OR(G20="",H20=""),"",ROUND(G20*H20,0)) -> 75000 | K20: =IF(OR(I20="",J20=""),"",I20-J20) -> 0 | M20: 2 | N20: 工程明細 | O20: 假設工程
A21: jiyi-016 | B21: 假設工程 | D21: 16 | E21: 建築物營建廢棄物處理費 | F21: M3 | G21: 485 | H21: 4500 | I21: 2182500 | J21: =IF(OR(G21="",H21=""),"",ROUND(G21*H21,0)) -> 2182500 | K21: =IF(OR(I21="",J21=""),"",I21-J21) -> 0 | M21: 2 | N21: 工程明細 | O21: 假設工程
A22: jiyi-017 | B22: 假設工程 | D22: 17 | E22: 建築物營建廢棄物申報/完工證明 | F22: M3 | G22: 485 | H22: 800 | I22: 388000 | J22: =IF(OR(G22="",H22=""),"",ROUND(G22*H22,0)) -> 388000 | K22: =IF(OR(I22="",J22=""),"",I22-J22) -> 0 | L22: 含規費 | M22: 2 | N22: 工程明細 | O22: 假設工程
A23: jiyi-018 | B23: 假設工程 | D23: 18 | E23: 逕流廢水申報 | F23: 式 | G23: 1 | H23: 75000 | I23: 75000 | J23: =IF(OR(G23="",H23=""),"",ROUND(G23*H23,0)) -> 75000 | K23: =IF(OR(I23="",J23=""),"",I23-J23) -> 0 | L23: 含規費 | M23: 2 | N23: 工程明細 | O23: 假設工程
A24: jiyi-019 | B24: 假設工程 | D24: 19 | E24: 工務所設置及雜支 | F24: 式 | G24: 1 | H24: 350000 | I24: 350000 | J24: =IF(OR(G24="",H24=""),"",ROUND(G24*H24,0)) -> 350000 | K24: =IF(OR(I24="",J24=""),"",I24-J24) -> 0 | M24: 2 | N24: 工程明細 | O24: 假設工程
A25: jiyi-020 | B25: 假設工程 | D25: 20 | E25: 品管及材料試驗費 | F25: 式 | G25: 1 | H25: 250000 | I25: 250000 | J25: =IF(OR(G25="",H25=""),"",ROUND(G25*H25,0)) -> 250000 | K25: =IF(OR(I25="",J25=""),"",I25-J25) -> 0 | M25: 2 | N25: 工程明細 | O25: 假設工程
A26: jiyi-021 | B26: 假設工程 | D26: 21 | E26: 臨時工 | F26: 式 | G26: 1 | H26: 750000 | I26: 750000 | J26: =IF(OR(G26="",H26=""),"",ROUND(G26*H26,0)) -> 750000 | K26: =IF(OR(I26="",J26=""),"",I26-J26) -> 0 | M26: 2 | N26: 工程明細 | O26: 假設工程
A27: jiyi-022 | B27: 結構工程 | D27: 1 | E27: 放様 | F27: M2 | G27: 3903.5 | H27: 75 | I27: 292763 | J27: =IF(OR(G27="",H27=""),"",ROUND(G27*H27,0)) -> 292763 | K27: =IF(OR(I27="",J27=""),"",I27-J27) -> 0 | M27: 2 | N27: 工程明細 | O27: 土方及結構工程
A28: jiyi-023 | B28: 結構工程 | D28: 2 | E28: 挖土方 | F28: M3 | G28: 4485 | H28: 285 | I28: 1278225 | J28: =IF(OR(G28="",H28=""),"",ROUND(G28*H28,0)) -> 1278225 | K28: =IF(OR(I28="",J28=""),"",I28-J28) -> 0 | M28: 2 | N28: 工程明細 | O28: 土方及結構工程
A29: jiyi-024 | B29: 結構工程 | D29: 3 | E29: 2000PSI預拌混凝土壓送澆築 | F29: M3 | G29: 425 | H29: 3000 | I29: 1275000 | J29: =IF(OR(G29="",H29=""),"",ROUND(G29*H29,0)) -> 1275000 | K29: =IF(OR(I29="",J29=""),"",I29-J29) -> 0 | M29: 2 | N29: 工程明細 | O29: 土方及結構工程
A30: jiyi-025 | B30: 結構工程 | D30: 4 | E30: 回填土夯實 | F30: M3 | G30: 3250 | H30: 285 | I30: 926250 | J30: =IF(OR(G30="",H30=""),"",ROUND(G30*H30,0)) -> 926250 | K30: =IF(OR(I30="",J30=""),"",I30-J30) -> 0 | M30: 2 | N30: 工程明細 | O30: 土方及結構工程
A31: jiyi-026 | B31: 結構工程 | D31: 5 | E31: 系統模板組立及拆除 | F31: M2 | G31: 9185 | H31: 1450 | I31: 13318250 | J31: =IF(OR(G31="",H31=""),"",ROUND(G31*H31,0)) -> 13318250 | K31: =IF(OR(I31="",J31=""),"",I31-J31) -> 0 | M31: 2 | N31: 工程明細 | O31: 土方及結構工程
A32: jiyi-027 | B32: 結構工程 | D32: 6 | E32: 普通模板及清水模板 | F32: M2 | G32: 3525 | H32: 1000 | I32: 3525000 | J32: =IF(OR(G32="",H32=""),"",ROUND(G32*H32,0)) -> 3525000 | K32: =IF(OR(I32="",J32=""),"",I32-J32) -> 0 | M32: 2 | N32: 工程明細 | O32: 土方及結構工程
A33: jiyi-028 | B33: 結構工程 | D33: 7 | E33: 普通鋼筋及彎紮組立SD280（#3-#5） | F33: 噸 | G33: 648 | H33: 30100 | I33: 19504800 | J33: =IF(OR(G33="",H33=""),"",ROUND(G33*H33,0)) -> 19504800 | K33: =IF(OR(I33="",J33=""),"",I33-J33) -> 0 | M33: 2 | N33: 工程明細 | O33: 土方及結構工程
A34: jiyi-029 | B34: 結構工程 | D34: 8 | E34: 高拉力鋼筋及彎紮組立SD420w（#6-#11） | F34: 噸 | G34: 335 | H34: 32000 | I34: 10720000 | J34: =IF(OR(G34="",H34=""),"",ROUND(G34*H34,0)) -> 10720000 | K34: =IF(OR(I34="",J34=""),"",I34-J34) -> 0 | M34: 2 | N34: 工程明細 | O34: 土方及結構工程
A35: jiyi-030 | B35: 結構工程 | D35: 9 | E35: 4000PSI預拌混凝土壓送澆築 | F35: M3 | G35: 1795 | H35: 3850 | I35: 6910750 | J35: =IF(OR(G35="",H35=""),"",ROUND(G35*H35,0)) -> 6910750 | K35: =IF(OR(I35="",J35=""),"",I35-J35) -> 0 | M35: 2 | N35: 工程明細 | O35: 土方及結構工程
... A38: jiyi-033 | B38: 結構工程 | D38: 12 | E38: 1F機台個別結構體（3M*3M*2M） | F38: 座 | G38: 13 | H38: 145000 | I38: 1885000 | J38: =IF(OR(G38="",H38=""),"",ROUND(G38*H38,0)) -> 1885000 | K38: =IF(OR(I38="",J38=""),"",I38-J38) -> 0 | M38: 3 | N38: 工程明細 | O38: 土方及結構工程
A39: jiyi-034 | B39: 鋼構工程 | D39: 1 | E39: H型鋼 | F39: KG | G39: 395784 | H39: 30 | I39: 11873520 | J39: =IF(OR(G39="",H39=""),"",ROUND(G39*H39,0)) -> 11873520 | K39: =IF(OR(I39="",J39=""),"",I39-J39) -> 0 | L39: SN490YB | M39: 3 | N39: 工程明細 | O39: 鋼構工程
A40: jiyi-035 | B40: 鋼構工程 | D40: 2 | E40: 鐵板接合板加勁板 | F40: KG | G40: 35876 | H40: 38 | I40: 1363288 | J40: =IF(OR(G40="",H40=""),"",ROUND(G40*H40,0)) -> 1363288 | K40: =IF(OR(I40="",J40=""),"",I40-J40) -> 0 | L40: SN490YB | M40: 3 | N40: 工程明細 | O40: 鋼構工程
A41: jiyi-036 | B41: 鋼構工程 | D41: 3 | E41: 柱封板 | F41: KG | G41: 51103 | H41: 39 | I41: 1993017 | J41: =IF(OR(G41="",H41=""),"",ROUND(G41*H41,0)) -> 1993017 | K41: =IF(OR(I41="",J41=""),"",I41-J41) -> 0 | L41: SN491YB（原文如此，牌號待確認） | M41: 3 | N41: 工程明細 | O41: 鋼構工程
A42: jiyi-037 | B42: 鋼構工程 | D42: 4 | E42: 鋼梯鐵板 | F42: KG | G42: 11131 | H42: 32 | I42: 356192 | J42: =IF(OR(G42="",H42=""),"",ROUND(G42*H42,0)) -> 356192 | K42: =IF(OR(I42="",J42=""),"",I42-J42) -> 0 | L42: A36 | M42: 3 | N42: 工程明細 | O42: 鋼構工程
A43: jiyi-038 | B43: 鋼構工程 | D43: 5 | E43: 運輸 | F43: KG | G43: 493894 | H43: 1 | I43: 493894 | J43: =IF(OR(G43="",H43=""),"",ROUND(G43*H43,0)) -> 493894 | K43: =IF(OR(I43="",J43=""),"",I43-J43) -> 0 | M43: 3 | N43: 工程明細 | O43: 鋼構工程
A44: jiyi-039 | B44: 鋼構工程 | D44: 6 | E44: 塗裝-噴砂一底一面 | F44: KG | G44: 493894 | H44: 3.2 | I44: 1580461 | J44: =IF(OR(G44="",H44=""),"",ROUND(G44*H44,0)) -> 1580461 | K44: =IF(OR(I44="",J44=""),"",I44-J44) -> 0 | L44: #36灰 | M44: 3 | N44: 工程明細 | O44: 鋼構工程
A45: jiyi-040 | B45: 鋼構工程 | D45: 7 | E45: 鋼梯製作工資 | F45: KG | G45: 9131 | H45: 8.4 | I45: 76700 | J45: =IF(OR(G45="",H45=""),"",ROUND(G45*H45,0)) -> 76700 | K45: =IF(OR(I45="",J45=""),"",I45-J45) -> 0 | M45: 3 | N45: 工程明細 | O45: 鋼構工程
A46: jiyi-041 | B46: 鋼構工程 | D46: 8 | E46: RH製作工資 | F46: KG | G46: 493894 | H46: 10.5 | I46: 5185887 | J46: =IF(OR(G46="",H46=""),"",ROUND(G46*H46,0)) -> 5185887 | K46: =IF(OR(I46="",J46=""),"",I46-J46) -> 0 | M46: 3 | N46: 工程明細 | O46: 鋼構工程
A47: jiyi-042 | B47: 鋼構工程 | D47: 9 | E47: 組.立工資 | F47: KG | G47: 493894 | H47: 8 | I47: 3951152 | J47: =IF(OR(G47="",H47=""),"",ROUND(G47*H47,0)) -> 3951152 | K47: =IF(OR(I47="",J47=""),"",I47-J47) -> 0 | M47: 3 | N47: 工程明細 | O47: 鋼構工程
A48: jiyi-043 | B48: 鋼構工程 | D48: 10 | E48: 製圖費用 | F48: KG | G48: 493894 | H48: 0.7 | I48: 345726 | J48: =IF(OR(G48="",H48=""),"",ROUND(G48*H48,0)) -> 345726 | K48: =IF(OR(I48="",J48=""),"",I48-J48) -> 0 | M48: 3 | N48: 工程明細 | O48: 鋼構工程
A49: jiyi-044 | B49: 鋼構工程 | D49: 11 | E49: 12N*M22基礎螺栓 | F49: 組 | G49: 396 | H49: 735 | I49: 291060 | J49: =IF(OR(G49="",H49=""),"",ROUND(G49*H49,0)) -> 291060 | K49: =IF(OR(I49="",J49=""),"",I49-J49) -> 0 | M49: 3 | N49: 工程明細 | O49: 鋼構工程
A50: jiyi-045 | B50: 鋼構工程 | D50: 12 | E50: 8N*M22基礎螺栓 | F50: 組 | G50: 8 | H50: 735 | I50: 5880 | J50: =IF(OR(G50="",H50=""),"",ROUND(G50*H50,0)) -> 5880 | K50: =IF(OR(I50="",J50=""),"",I50-J50) -> 0 | M50: 3 | N50: 工程明細 | O50: 鋼構工程
A51: jiyi-046 | B51: 鋼構工程 | D51: 13 | E51: 構件組立螺栓-F10T | F51: 組 | G51: 5980 | H51: 65 | I51: 388700 | J51: =IF(OR(G51="",H51=""),"",ROUND(G51*H51,0)) -> 388700 | K51: =IF(OR(I51="",J51=""),"",I51-J51) -> 0 | M51: 3 | N51: 工程明細 | O51: 鋼構工程
A52: jiyi-047 | B52: 鋼構工程 | D52: 14 | E52: 樓承鋼板（76*1.5mm） | F52: 坪 | G52: 526 | H52: 2620 | I52: 1378120 | J52: =IF(OR(G52="",H52=""),"",ROUND(G52*H52,0)) -> 1378120 | K52: =IF(OR(I52="",J52=""),"",I52-J52) -> 0 | L52: 一般（含鋅量120g） | M52: 3 | N52: 工程明細 | O52: 鋼構工程
A53: jiyi-048 | B53: 鋼構工程 | D53: 15 | E53: 樓承鋼板（76*1.2mm） | F53: 坪 | G53: 647 | H53: 2400 | I53: 1552800 | J53: =IF(OR(G53="",H53=""),"",ROUND(G53*H53,0)) -> 1552800 | K53: =IF(OR(I53="",J53=""),"",I53-J53) -> 0 | L53: 一般（含鋅量120g） | M53: 3 | N53: 工程明細 | O53: 鋼構工程
A54: jiyi-049 | B54: 鋼構工程 | D54: 16 | E54: 柱樑剪力釘（M19*76L） | F54: 組 | G54: 21595 | H54: 55 | I54: 1187725 | J54: =IF(OR(G54="",H54=""),"",ROUND(G54*H54,0)) -> 1187725 | K54: =IF(OR(I54="",J54=""),"",I54-J54) -> 0 | M54: 3 | N54: 工程明細 | O54: 鋼構工程
A55: jiyi-050 | B55: 鋼構工程 | D55: 17 | E55: 螺栓接合處補漆 | F55: KG | G55: 493894 | H55: 0.6 | I55: 296336 | J55: =IF(OR(G55="",H55=""),"",ROUND(G55*H55,0)) -> 296336 | K55: =IF(OR(I55="",J55=""),"",I55-J55) -> 0 | M55: 3 | N55: 工程明細 | O55: 鋼構工程
A56: jiyi-051 | B56: 鋼構工程 | D56: 18 | E56: 安全防護 | F56: M2 | G56: 4023 | H56: 120 | I56: 482760 | J56: =IF(OR(G56="",H56=""),"",ROUND(G56*H56,0)) -> 482760 | K56: =IF(OR(I56="",J56=""),"",I56-J56) -> 0 | M56: 3 | N56: 工程明細 | O56: 鋼構工程
A57: jiyi-052 | B57: 鋼構工程 | D57: 19 | E57: 樑柱【一小時防火漆】及面漆 | F57: M2 | G57: 11532 | H57: 450 | I57: 5189400 | J57: =IF(OR(G57="",H57=""),"",ROUND(G57*H57,0)) -> 5189400 | K57: =IF(OR(I57="",J57=""),"",I57-J57) -> 0 | M57: 3 | N57: 工程明細 | O57: 鋼構工程
A58: jiyi-053 | B58: 鋼構工程 | D58: 20 | E58: 焊口 | F58: 口 | G58: 318 | H58: 2100 | I58: 667800 | J58: =IF(OR(G58="",H58=""),"",ROUND(G58*H58,0)) -> 667800 | K58: =IF(OR(I58="",J58=""),"",I58-J58) -> 0 | M58: 3 | N58: 工程明細 | O58: 鋼構工程
A59: jiyi-054 | B59: 鋼構工程 | D59: 21 | E59: 發電機費用 | F59: 式 | G59: 1 | H59: 350000 | I59: 350000 | J59: =IF(OR(G59="",H59=""),"",ROUND(G59*H59,0)) -> 350000 | K59: =IF(OR(I59="",J59=""),"",I59-J59) -> 0 | M59: 3 | N59: 工程明細 | O59: 鋼構工程
A60: jiyi-055 | B60: 鋼構工程 | D60: 22 | E60: DECK版鋪設點焊鋼絲網8$*8$/150*150 | F60: M2 | G60: 4023 | H60: 500 | I60: 2011500 | J60: =IF(OR(G60="",H60=""),"",ROUND(G60*H60,0)) -> 2011500 | K60: =IF(OR(I60="",J60=""),"",I60-J60) -> 0 | M60: 3 | N60: 工程明細 | O60: 鋼構工程
A61: jiyi-056 | B61: 鋼構工程 | D61: 23 | E61: 20cm擋泥板及封口板收邊 | F61: M | G61: 259 | H61: 350 | I61: 90650 | J61: =IF(OR(G61="",H61=""),"",ROUND(G61*H61,0)) -> 90650 | K61: =IF(OR(I61="",J61=""),"",I61-J61) -> 0 | M61: 3 | N61: 工程明細 | O61: 鋼構工程
A62: jiyi-057 | B62: 鋼構工程 | D62: 24 | E62: 15cm擋泥板及封口板收邊 | F62: M | G62: 525 | H62: 310 | I62: 162750 | J62: =IF(OR(G62="",H62=""),"",ROUND(G62*H62,0)) -> 162750 | K62: =IF(OR(I62="",J62=""),"",I62-J62) -> 0 | M62: 3 | N62: 工程明細 | O62: 鋼構工程
A63: jiyi-058 | B63: 鋼構工程 | D63: 25 | E63: 無收縮水泥 | F63: 柱 | G63: 34 | H63: 2000 | I63: 68000 | J63: =IF(OR(G63="",H63=""),"",ROUND(G63*H63,0)) -> 68000 | K63: =IF(OR(I63="",J63=""),"",I63-J63) -> 0 | M63: 3 | N63: 工程明細 | O63: 鋼構工程
A64: jiyi-059 | B64: 鋼構工程 | D64: 26 | E64: 樑柱箍筋現場焊接 | F64: 柱 | G64: 34 | H64: 2500 | I64: 85000 | J64: =IF(OR(G64="",H64=""),"",ROUND(G64*H64,0)) -> 85000 | K64: =IF(OR(I64="",J64=""),"",I64-J64) -> 0 | M64: 3 | N64: 工程明細 | O64: 鋼構工程
A65: jiyi-060 | B65: 鋼構工程 | D65: 27 | E65: 鋼梯扶手 | F65: M | G65: 116 | H65: 3800 | I65: 440800 | J65: =IF(OR(G65="",H65=""),"",ROUND(G65*H65,0)) -> 440800 | K65: =IF(OR(I65="",J65=""),"",I65-J65) -> 0 | M65: 3 | N65: 工程明細 | O65: 鋼構工程
A66: jiyi-061 | B66: 泥作裝修工程 | C66: 防水，屋面工程 | D66: 1 | E66: 廁所地坪＋牆面台度H=1.2M彈泥防水層 | F66: M2 | G66: 341.03 | H66: 450 | I66: 153464 | J66: =IF(OR(G66="",H66=""),"",ROUND(G66*H66,0)) -> 153464 | K66: =IF(OR(I66="",J66=""),"",I66-J66) -> 0 | L66: 依施工詳圖 | M66: 4 | N66: 工程明細 | O66: 內外裝修及防水
A67: jiyi-062 | B67: 泥作裝修工程 | C67: 防水，屋面工程 | D67: 2 | E67: 陽台地坪+牆面30cm彈泥防水施工 | F67: M2 | G67: 33.86 | H67: 450 | I67: 15237 | J67: =IF(OR(G67="",H67=""),"",ROUND(G67*H67,0)) -> 15237 | K67: =IF(OR(I67="",J67=""),"",I67-J67) -> 0 | M67: 4 | N67: 工程明細 | O67: 內外裝修及防水
A68: jiyi-063 | B68: 泥作裝修工程 | C68: 防水，屋面工程 | D68: 3 | E68: 外牆全棟彈泥防水 | F68: M2 | G68: 4115.3 | H68: 450 | I68: 1851885 | J68: =IF(OR(G68="",H68=""),"",ROUND(G68*H68,0)) -> 1851885 | K68: =IF(OR(I68="",J68=""),"",I68-J68) -> 0 | M68: 4 | N68: 工程明細 | O68: 內外裝修及防水
A69: jiyi-064 | B69: 泥作裝修工程 | C69: 防水，屋面工程 | D69: 4 | E69: 窗框防水層 | F69: M | G69: 1348 | H69: 300 | I69: 337000 | J69: =IF(OR(G69="",H69=""),"",ROUND(G69*H69,0)) -> 404400 | K69: =IF(OR(I69="",J69=""),"",I69-J69) -> -67400 | M69: 4 | N69: 工程明細 | O69: 內外裝修及防水 | P69: 原單數量×單價=404,400，原複價337,000，相差-67,400；保留原值。
A70: jiyi-065 | B70: 泥作裝修工程 | C70: 防水，屋面工程 | D70: 5 | E70: 樓層接縫防水層 | F70: M | G70: 1341 | H70: 300 | I70: 335250 | J70: =IF(OR(G70="",H70=""),"",ROUND(G70*H70,0)) -> 402300 | K70: =IF(OR(I70="",J70=""),"",I70-J70) -> -67050 | M70: 4 | N70: 工程明細 | O70: 內外裝修及防水 | P70: 原單數量×單價=402,300，原複價335,250，相差-67,050；保留原值。
A71: jiyi-066 | B71: 泥作裝修工程 | C71: 防水，屋面工程 | D71: 6 | E71: 屋頂平台防水工程 | F71: M2 | G71: 1457.26 | H71: 750 | I71: 1092945 | J71: =IF(OR(G71="",H71=""),"",ROUND(G71*H71,0)) -> 1092945 | K71: =IF(OR(I71="",J71=""),"",I71-J71) -> 0 | M71: 4 | N71: 工程明細 | O71: 內外裝修及防水
A72: jiyi-067 | B72: 泥作裝修工程 | C72: 防水，屋面工程 | D72: 7 | E72: 電梯基坑1：2防水粉刷 | F72: M2 | G72: 42.5 | H72: 650 | I72: 27625 | J72: =IF(OR(G72="",H72=""),"",ROUND(G72*H72,0)) -> 27625 | K72: =IF(OR(I72="",J72=""),"",I72-J72) -> 0 | M72: 4 | N72: 工程明細 | O72: 內外裝修及防水
A73: jiyi-068 | B73: 泥作裝修工程 | C73: 防水，屋面工程 | D73: 8 | E73: 消防水池1:2防水粉刷 | F73: M2 | G73: 27.03 | H73: 650 | I73: 17570 | J73: =IF(OR(G73="",H73=""),"",ROUND(G73*H73,0)) -> 17570 | K73: =IF(OR(I73="",J73=""),"",I73-J73) -> 0 | M73: 4 | N73: 工程明細 | O73: 內外裝修及防水
A74: jiyi-069 | B74: 泥作裝修工程 | C74: 室內地坪工程 | D74: 1 | E74: 一樓大廳地坪貼花崗石 | F74: M2 | G74: 75.84 | H74: 7000 | I74: 530880 | J74: =IF(OR(G74="",H74=""),"",ROUND(G74*H74,0)) -> 530880 | K74: =IF(OR(I74="",J74=""),"",I74-J74) -> 0 | M74: 4 | N74: 工程明細 | O74: 內外裝修及防水
A75: jiyi-070 | B75: 泥作裝修工程 | C75: 室內地坪工程 | D75: 2 | E75: 客梯梯廳地坪貼60*120地磚 | F75: M2 | G75: 138 | H75: 3500 | I75: 483000 | J75: =IF(OR(G75="",H75=""),"",ROUND(G75*H75,0)) -> 483000 | K75: =IF(OR(I75="",J75=""),"",I75-J75) -> 0 | M75: 4 | N75: 工程明細 | O75: 內外裝修及防水
A76: jiyi-071 | B76: 泥作裝修工程 | C76: 室內地坪工程 | D76: 3 | E76: 外廊地坪貼30*60石英地磚 | F76: M2 | G76: 158.68 | H76: 1750 | I76: 277690 | J76: =IF(OR(G76="",H76=""),"",ROUND(G76*H76,0)) -> 277690 | K76: =IF(OR(I76="",J76=""),"",I76-J76) -> 0 | M76: 4 | N76: 工程明細 | O76: 內外裝修及防水
A77: jiyi-072 | B77: 泥作裝修工程 | C77: 室內地坪工程 | D77: 4 | E77: 辦公室地坪貼60*60拋光石英磚 | F77: M2 | G77: 527.53 | H77: 2400 | I77: 1266072 | J77: =IF(OR(G77="",H77=""),"",ROUND(G77*H77,0)) -> 1266072 | K77: =IF(OR(I77="",J77=""),"",I77-J77) -> 0 | M77: 4 | N77: 工程明細 | O77: 內外裝修及防水
A78: jiyi-073 | B78: 泥作裝修工程 | C78: 室內地坪工程 | D78: 5 | E78: 廠房地坪EPOXY | F78: M2 | G78: 2925 | H78: 1200 | I78: 3510000 | J78: =IF(OR(G78="",H78=""),"",ROUND(G78*H78,0)) -> 3510000 | K78: =IF(OR(I78="",J78=""),"",I78-J78) -> 0 | M78: 4 | N78: 工程明細 | O78: 內外裝修及防水
A79: jiyi-074 | B79: 泥作裝修工程 | C79: 室內地坪工程 | D79: 6 | E79: 廁所地坪貼30CM*30CM地磚 | F79: M2 | G79: 98 | H79: 1500 | I79: 147000 | J79: =IF(OR(G79="",H79=""),"",ROUND(G79*H79,0)) -> 147000 | K79: =IF(OR(I79="",J79=""),"",I79-J79) -> 0 | M79: 4 | N79: 工程明細 | O79: 內外裝修及防水
A80: jiyi-075 | B80: 泥作裝修工程 | C80: 室內地坪工程 | D80: 7 | E80: 甲乙梯貼樓梯磚 | F80: 支 | G80: 6 | H80: 65000 | I80: 390000 | J80: =IF(OR(G80="",H80=""),"",ROUND(G80*H80,0)) -> 390000 | K80: =IF(OR(I80="",J80=""),"",I80-J80) -> 0 | M80: 4 | N80: 工程明細 | O80: 內外裝修及防水
A81: jiyi-076 | B81: 泥作裝修工程 | C81: 室內地坪工程 | D81: 8 | E81: 樓梯間地坪貼20*20地磚 | F81: M2 | G81: 121.09 | H81: 1500 | I81: 181635 | J81: =IF(OR(G81="",H81=""),"",ROUND(G81*H81,0)) -> 181635 | K81: =IF(OR(I81="",J81=""),"",I81-J81) -> 0 | M81: 4 | N81: 工程明細 | O81: 內外裝修及防水
A82: jiyi-077 | B82: 泥作裝修工程 | C82: 室內地坪工程 | D82: 9 | E82: 陽台地坪貼20*20地磚 | F82: M2 | G82: 35 | H82: 1500 | I82: 52500 | J82: =IF(OR(G82="",H82=""),"",ROUND(G82*H82,0)) -> 52500 | K82: =IF(OR(I82="",J82=""),"",I82-J82) -> 0 | M82: 4 | N82: 工程明細 | O82: 內外裝修及防水
... A96: jiyi-091 | B96: 泥作裝修工程 | C96: 室內平頂工程 | D96: 4 | E96: 依外牆材質（深色二丁掛磚） | F96: M2 | G96: 176.87 | H96: 2450 | I96: 433332 | J96: =IF(OR(G96="",H96=""),"",ROUND(G96*H96,0)) -> 433332 | K96: =IF(OR(I96="",J96=""),"",I96-J96) -> 0 | M96: 5 | N96: 工程明細 | O96: 內外裝修及防水
A97: jiyi-092 | B97: 外部裝修工程 | D97: 1 | E97: 外牆貼二丁掛磚 | F97: M2 | G97: 1072.5 | H97: 2450 | I97: 2627625 | J97: =IF(OR(G97="",H97=""),"",ROUND(G97*H97,0)) -> 2627625 | K97: =IF(OR(I97="",J97=""),"",I97-J97) -> 0 | M97: 5 | N97: 工程明細 | O97: 內外裝修及防水
A98: jiyi-093 | B98: 外部裝修工程 | D98: 2 | E98: 外牆金屬包版（鋁本色） | F98: M2 | G98: 945 | H98: 6500 | I98: 6142500 | J98: =IF(OR(G98="",H98=""),"",ROUND(G98*H98,0)) -> 6142500 | K98: =IF(OR(I98="",J98=""),"",I98-J98) -> 0 | M98: 5 | N98: 工程明細 | O98: 內外裝修及防水
A99: jiyi-094 | B99: 外部裝修工程 | D99: 3 | E99: 外牆金屬沖孔版 | F99: M2 | G99: 257.84 | H99: 5500 | I99: 1418120 | J99: =IF(OR(G99="",H99=""),"",ROUND(G99*H99,0)) -> 1418120 | K99: =IF(OR(I99="",J99=""),"",I99-J99) -> 0 | M99: 5 | N99: 工程明細 | O99: 內外裝修及防水
A100: jiyi-095 | B100: 外部裝修工程 | D100: 4 | E100: 外牆波紋版 | F100: M2 | G100: 13.23 | H100: 4500 | I100: 59535 | J100: =IF(OR(G100="",H100=""),"",ROUND(G100*H100,0)) -> 59535 | K100: =IF(OR(I100="",J100=""),"",I100-J100) -> 0 | M100: 5 | N100: 工程明細 | O100: 內外裝修及防水
A101: jiyi-096 | B101: 外部裝修工程 | D101: 5 | E101: 外牆仿清水模塗料 | F101: M2 | G101: 261.82 | H101: 2100 | I101: 549822 | J101: =IF(OR(G101="",H101=""),"",ROUND(G101*H101,0)) -> 549822 | K101: =IF(OR(I101="",J101=""),"",I101-J101) -> 0 | M101: 5 | N101: 工程明細 | O101: 內外裝修及防水
A102: jiyi-097 | B102: 外部裝修工程 | D102: 6 | E102: 外牆淺色塗料 | F102: M2 | G102: 334.89 | H102: 1850 | I102: 619547 | J102: =IF(OR(G102="",H102=""),"",ROUND(G102*H102,0)) -> 619547 | K102: =IF(OR(I102="",J102=""),"",I102-J102) -> 0 | M102: 5 | N102: 工程明細 | O102: 內外裝修及防水
A103: jiyi-098 | B103: 外部裝修工程 | D103: 7 | E103: 外牆1:2防水粉刷漆油性油漆 | F103: M2 | G103: 1048.37 | H103: 1200 | I103: 1258044 | J103: =IF(OR(G103="",H103=""),"",ROUND(G103*H103,0)) -> 1258044 | K103: =IF(OR(I103="",J103=""),"",I103-J103) -> 0 | M103: 5 | N103: 工程明細 | O103: 內外裝修及防水
A104: jiyi-099 | B104: 外部裝修工程 | D104: 8 | E104: 欄杆工程H=1.1M | F104: M | G104: 16.4 | H104: 4000 | I104: 65600 | J104: =IF(OR(G104="",H104=""),"",ROUND(G104*H104,0)) -> 65600 | K104: =IF(OR(I104="",J104=""),"",I104-J104) -> 0 | M104: 5 | N104: 工程明細 | O104: 內外裝修及防水
A105: jiyi-100 | B105: 外部裝修工程 | D105: 9 | E105: 玻璃欄杆工程H=95CM | F105: M | G105: 14.8 | H105: 8500 | I105: 125800 | J105: =IF(OR(G105="",H105=""),"",ROUND(G105*H105,0)) -> 125800 | K105: =IF(OR(I105="",J105=""),"",I105-J105) -> 0 | M105: 5 | N105: 工程明細 | O105: 內外裝修及防水
A106: jiyi-101 | B106: 外部裝修工程 | D106: 10 | E106: 外牆瓏昇LOGO | F106: 式 | G106: 1 | H106: 200000 | I106: 200000 | J106: =IF(OR(G106="",H106=""),"",ROUND(G106*H106,0)) -> 200000 | K106: =IF(OR(I106="",J106=""),"",I106-J106) -> 0 | M106: 5 | N106: 工程明細 | O106: 內外裝修及防水
A107: jiyi-102 | B107: 門窗工程 | D107: 1 | E107: D1 南亞慶祥SMC門（80*220） | F107: 樘 | G107: 4 | H107: 4500 | I107: 18000 | J107: =IF(OR(G107="",H107=""),"",ROUND(G107*H107,0)) -> 18000 | K107: =IF(OR(I107="",J107=""),"",I107-J107) -> 0 | M107: 5 | N107: 工程明細 | O107: 門窗工程
A108: jiyi-103 | B108: 門窗工程 | D108: 2 | E108: D2 南亞慶祥SMC門（90*210） | F108: 樘 | G108: 6 | H108: 10500 | I108: 63000 | J108: =IF(OR(G108="",H108=""),"",ROUND(G108*H108,0)) -> 63000 | K108: =IF(OR(I108="",J108=""),"",I108-J108) -> 0 | M108: 5 | N108: 工程明細 | O108: 門窗工程
... A132: jiyi-127 | B132: 門窗工程 | D132: 26 | E132: SFD3 防火捲門（455*380）（60A） | F132: 樘 | G132: 1 | H132: 260000 | I132: 260000 | J132: =IF(OR(G132="",H132=""),"",ROUND(G132*H132,0)) -> 260000 | K132: =IF(OR(I132="",J132=""),"",I132-J132) -> 0 | M132: 6 | N132: 工程明細 | O132: 門窗工程
A133: jiyi-128 | B133: 門窗工程 | D133: 27 | E133: W1 氣密鋁門窗（70*140） | F133: 樘 | G133: 27 | H133: 14762 | I133: 398574 | J133: =IF(OR(G133="",H133=""),"",ROUND(G133*H133,0)) -> 398574 | K133: =IF(OR(I133="",J133=""),"",I133-J133) -> 0 | L133: 國田 | M133: 6 | N133: 工程明細 | O133: 門窗工程
A134: jiyi-129 | B134: 門窗工程 | D134: 28 | E134: W2 氣密鋁門窗（120*330） | F134: 樘 | G134: 1 | H134: 24904 | I134: 24904 | J134: =IF(OR(G134="",H134=""),"",ROUND(G134*H134,0)) -> 24904 | K134: =IF(OR(I134="",J134=""),"",I134-J134) -> 0 | L134: 國田 | M134: 6 | N134: 工程明細 | O134: 門窗工程
A135: jiyi-130 | B135: 門窗工程 | D135: 29 | E135: W3 氣密鋁門窗（215*210） | F135: 樘 | G135: 2 | H135: 26136 | I135: 52272 | J135: =IF(OR(G135="",H135=""),"",ROUND(G135*H135,0)) -> 52272 | K135: =IF(OR(I135="",J135=""),"",I135-J135) -> 0 | L135: 國田 | M135: 6 | N135: 工程明細 | O135: 門窗工程
A136: jiyi-131 | B136: 門窗工程 | D136: 30 | E136: W4 氣密鋁門窗（425*210） | F136: 樘 | G136: 4 | H136: 46883 | I136: 187532 | J136: =IF(OR(G136="",H136=""),"",ROUND(G136*H136,0)) -> 187532 | K136: =IF(OR(I136="",J136=""),"",I136-J136) -> 0 | L136: 國田 | M136: 6 | N136: 工程明細 | O136: 門窗工程
A137: jiyi-132 | B137: 門窗工程 | D137: 31 | E137: W5 氣密鋁門窗（320*210） | F137: 樘 | G137: 5 | H137: 43279 | I137: 216395 | J137: =IF(OR(G137="",H137=""),"",ROUND(G137*H137,0)) -> 216395 | K137: =IF(OR(I137="",J137=""),"",I137-J137) -> 0 | L137: 國田 | M137: 6 | N137: 工程明細 | O137: 門窗工程
A138: jiyi-133 | B138: 門窗工程 | D138: 32 | E138: W6 氣密鋁門窗（200*60） | F138: 樘 | G138: 2 | H138: 7080 | I138: 14160 | J138: =IF(OR(G138="",H138=""),"",ROUND(G138*H138,0)) -> 14160 | K138: =IF(OR(I138="",J138=""),"",I138-J138) -> 0 | L138: 國田 | M138: 6 | N138: 工程明細 | O138: 門窗工程
A139: jiyi-134 | B139: 門窗工程 | D139: 33 | E139: W7氣密鋁門窗（350*80） | F139: 樘 | G139: 1 | H139: 12690 | I139: 12690 | J139: =IF(OR(G139="",H139=""),"",ROUND(G139*H139,0)) -> 12690 | K139: =IF(OR(I139="",J139=""),"",I139-J139) -> 0 | L139: 國田 | M139: 6 | N139: 工程明細 | O139: 門窗工程
A140: jiyi-135 | B140: 門窗工程 | D140: 34 | E140: W9 氣密鋁門窗（180*70） | F140: 樘 | G140: 6 | H140: 23853 | I140: 143118 | J140: =IF(OR(G140="",H140=""),"",ROUND(G140*H140,0)) -> 143118 | K140: =IF(OR(I140="",J140=""),"",I140-J140) -> 0 | L140: 國田 | M140: 6 | N140: 工程明細 | O140: 門窗工程
...

Sheet 備註與來源
A2: 來源與報價條款
A5: PDF頁 | B5: 內容類型 | C5: 原文／整理說明
B6: 來源PDF | C6: 115.04.01-基益營造-工程估價單.pdf
B7: 提供文件頁數 | C7: 8
B8: 整理原則 | C8: 原複價為分析基礎；未列價不當零元；數量×單價僅供核對。
A9: 1 | B9: 文件與整理方式 | C9: 報價日期較另兩家早約半年，數量與部分規格差異大，須確認圖說版本及重報價。 原始PDF保留；金額以原複價為準，乘算差額另列。
