Workbook

Sheet 報價總覽
A2: 大展營造工程報價整理
A3: 新臺幣元。原分類與費用完整保留；明細可篩選並追溯PDF頁碼。
A5: 原總表分類 | B5: 原列金額 | C5: 明細彙總 | D5: 彙總減原列 | E5: 說明
A6: 假設工程 | B6: 3604928 | C6: =SUMIFS(報價明細!$I$6:$I$232,報價明細!$B$6:$B$232,A6) -> 3604928 | D6: =C6-B6 -> 0
A7: 土方工程 | B7: 1637383 | C7: =SUMIFS(報價明細!$I$6:$I$232,報價明細!$B$6:$B$232,A7) -> 1637383 | D7: =C7-B7 -> 0
A8: 鋼構工程 | B8: 31302484 | C8: =SUMIFS(報價明細!$I$6:$I$232,報價明細!$B$6:$B$232,A8) -> 31302484 | D8: =C8-B8 -> 0
A9: 結構工程 | B9: 38156185 | C9: =SUMIFS(報價明細!$I$6:$I$232,報價明細!$B$6:$B$232,A9) -> 38156185 | D9: =C9-B9 -> 0
A10: 內部裝修工程 | B10: 20184097 | C10: =SUMIFS(報價明細!$I$6:$I$232,報價明細!$B$6:$B$232,A10) -> 20184097 | D10: =C10-B10 -> 0
A11: 外部裝修工程 | B11: 12011044 | C11: =SUMIFS(報價明細!$I$6:$I$232,報價明細!$B$6:$B$232,A11) -> 12011044 | D11: =C11-B11 -> 0
A12: 門窗工程 | B12: 7140806 | C12: =SUMIFS(報價明細!$I$6:$I$232,報價明細!$B$6:$B$232,A12) -> 7140806 | D12: =C12-B12 -> 0
A13: 裝修什項工程 | B13: 1096267 | C13: =SUMIFS(報價明細!$I$6:$I$232,報價明細!$B$6:$B$232,A13) -> 1096267 | D13: =C13-B13 -> 0
A14: 公共設施工程 | B14: 2714454 | C14: =SUMIFS(報價明細!$I$6:$I$232,報價明細!$B$6:$B$232,A14) -> 2714454 | D14: =C14-B14 -> 0
A15: 運什費 | B15: 3605864 | C15: =SUMIFS(報價明細!$I$6:$I$232,報價明細!$B$6:$B$232,A15) -> 3605864 | D15: =C15-B15 -> 0
A16: 管理費 | B16: 11319467 | C16: =SUMIFS(報價明細!$I$6:$I$232,報價明細!$B$6:$B$232,A16) -> 11319467 | D16: =C16-B16 -> 0
A17: 利潤及稅捐 | B17: 8729824 | C17: =SUMIFS(報價明細!$I$6:$I$232,報價明細!$B$6:$B$232,A17) -> 8729824 | D17: =C17-B17 -> 0
A19: 原報價總計 | B19: 141502803 | C19: =SUM(報價明細!I6:I232) -> 141502803 | D19: =C19-B19 -> 0 | E19: 原總價保留，不以重算結果覆蓋
A20: 稅前合計 | B20: 134764574 | E20: 不含營業稅；基益另列空污費
A21: 營業稅 | B21: 6738229 | E21: 原報價稅額
A22: 空污費 | B22: 未列價／業主負擔 | E22: 是否包含及課稅口徑依原單
A23: 報價日期 | B23: 2026-09-30 | E23: PDF首頁115/09/30
A24: 有效期限 | B24: 自報價日起7天 | E24: 原報價條件
A25: 明細筆數 | B25: 227 | E25: 含明細及僅在總表列示的費用
A27: PDF實際20頁，頁首標示共41頁；本次已整理提供的20頁，須確認是否尚有附件。
A29: 核對採原單顯示數量及單價四捨五入至元；小額差異可能源自底層精度。
A32: 原分項小計（不再加總） | B32: 原列金額 | C32: 明細彙總 | D32: 彙總減原列 | E32: 分類／PDF頁

Sheet 報價明細
A2: 報價明細（新臺幣元）
A3: 藍字為原報價數值；空白金額代表未列價。乘算僅供核對，不取代原複價。
A5: 資料ID | B5: 原分類 | C5: 子分類 | D5: 原項次 | E5: 工程項目／規格 | F5: 單位 | G5: 數量 | H5: 原單價 | I5: 原複價 | J5: 數量×單價 | K5: 原複價減乘算 | L5: 品牌／原備註 | M5: PDF頁 | N5: 性質 | O5: 統一比較分類 | P5: 核對說明
A6: dazhan-001 | B6: 假設工程 | D6: A001 | E6: 工務所設備（組合屋）/臨時衛 生設備 | F6: 式 | G6: 1 | H6: 537880 | I6: 537880 | J6: =IF(OR(G6="",H6=""),"",ROUND(G6*H6,0)) -> 537880 | K6: =IF(OR(I6="",J6=""),"",I6-J6) -> 0 | M6: 4 | N6: 工程明細 | O6: 假設工程
A7: dazhan-002 | B7: 假設工程 | D7: A002 | E7: 甲種安全圍籬工程/含工程告 示牌 | F7: 式 | G7: 1 | H7: 733748 | I7: 733748 | J7: =IF(OR(G7="",H7=""),"",ROUND(G7*H7,0)) -> 733748 | K7: =IF(OR(I7="",J7=""),"",I7-J7) -> 0 | M7: 4 | N7: 工程明細 | O7: 假設工程
A8: dazhan-003 | B8: 假設工程 | D8: A003 | E8: 外管臨時水電申請及設備/施 工中水電使用費 | F8: 式 | G8: 1 | H8: 717000 | I8: 717000 | J8: =IF(OR(G8="",H8=""),"",ROUND(G8*H8,0)) -> 717000 | K8: =IF(OR(I8="",J8=""),"",I8-J8) -> 0 | M8: 4 | N8: 工程明細 | O8: 假設工程
A9: dazhan-004 | B9: 假設工程 | D9: A004 | E9: 施工臨時水電設備建置費 | F9: 式 | G9: 1 | H9: 360000 | I9: 360000 | J9: =IF(OR(G9="",H9=""),"",ROUND(G9*H9,0)) -> 360000 | K9: =IF(OR(I9="",J9=""),"",I9-J9) -> 0 | M9: 4 | N9: 工程明細 | O9: 假設工程
A10: dazhan-005 | B10: 假設工程 | D10: A005 | E10: 營建混合廢棄物證明及處理 費 | F10: 式 | G10: 1 | H10: 980100 | I10: 980100 | J10: =IF(OR(G10="",H10=""),"",ROUND(G10*H10,0)) -> 980100 | K10: =IF(OR(I10="",J10=""),"",I10-J10) -> 0 | M10: 4 | N10: 工程明細 | O10: 假設工程
A11: dazhan-006 | B11: 假設工程 | D11: A006 | E11: 公共排水溝及道路修復工程 | F11: 式 | G11: 1 | H11: 140000 | I11: 140000 | J11: =IF(OR(G11="",H11=""),"",ROUND(G11*H11,0)) -> 140000 | K11: =IF(OR(I11="",J11=""),"",I11-J11) -> 0 | M11: 4 | N11: 工程明細 | O11: 假設工程
A12: dazhan-007 | B12: 假設工程 | D12: A007 | E12: 工地保全費用/設備保全 | F12: 式 | G12: 1 | H12: 136200 | I12: 136200 | J12: =IF(OR(G12="",H12=""),"",ROUND(G12*H12,0)) -> 136200 | K12: =IF(OR(I12="",J12=""),"",I12-J12) -> 0 | M12: 4 | N12: 工程明細 | O12: 假設工程
A13: dazhan-008 | B13: 土方工程 | D13: B001 | E13: 現有圍籬、成功二路120巷入 口處鐵皮屋拆除運棄及整地 工程 | F13: 式 | G13: 1 | H13: 426000 | I13: 426000 | J13: =IF(OR(G13="",H13=""),"",ROUND(G13*H13,0)) -> 426000 | K13: =IF(OR(I13="",J13=""),"",I13-J13) -> 0 | M13: 5 | N13: 工程明細 | O13: 土方及結構工程
A14: dazhan-009 | B14: 土方工程 | D14: B002 | E14: 土方開挖 | F14: M3 | G14: 1421.46 | H14: 450 | I14: 639657 | J14: =IF(OR(G14="",H14=""),"",ROUND(G14*H14,0)) -> 639657 | K14: =IF(OR(I14="",J14=""),"",I14-J14) -> 0 | L14: 實方 | M14: 5 | N14: 工程明細 | O14: 土方及結構工程
A15: dazhan-010 | B15: 土方工程 | D15: B003 | E15: 回填土方 | F15: M3 | G15: 1421.46 | H15: 360 | I15: 511726 | J15: =IF(OR(G15="",H15=""),"",ROUND(G15*H15,0)) -> 511726 | K15: =IF(OR(I15="",J15=""),"",I15-J15) -> 0 | L15: 實方/暫置基地內 | M15: 5 | N15: 工程明細 | O15: 土方及結構工程
A16: dazhan-011 | B16: 土方工程 | D16: B004 | E16: 污水處理區土方開挖及回填 工程（二處） | F16: 式 | G16: 1 | H16: 60000 | I16: 60000 | J16: =IF(OR(G16="",H16=""),"",ROUND(G16*H16,0)) -> 60000 | K16: =IF(OR(I16="",J16=""),"",I16-J16) -> 0 | M16: 5 | N16: 工程明細 | O16: 土方及結構工程
A17: dazhan-012 | B17: 鋼構工程 | D17: C001 | E17: SN490B鋼構材料 H型鋼 | F17: 噸 | G17: 366.55 | H17: 31700 | I17: 11619635 | J17: =IF(OR(G17="",H17=""),"",ROUND(G17*H17,0)) -> 11619635 | K17: =IF(OR(I17="",J17=""),"",I17-J17) -> 0 | M17: 6 | N17: 工程明細 | O17: 鋼構工程
A18: dazhan-013 | B18: 鋼構工程 | D18: C002 | E18: SN490B鋼鈑材料 | F18: 噸 | G18: 76.21 | H18: 38200 | I18: 2911222 | J18: =IF(OR(G18="",H18=""),"",ROUND(G18*H18,0)) -> 2911222 | K18: =IF(OR(I18="",J18=""),"",I18-J18) -> 0 | M18: 6 | N18: 工程明細 | O18: 鋼構工程
A19: dazhan-014 | B19: 鋼構工程 | D19: C003 | E19: 廠內加工焊接（含柱封板） | F19: 噸 | G19: 442.76 | H19: 6800 | I19: 3010768 | J19: =IF(OR(G19="",H19=""),"",ROUND(G19*H19,0)) -> 3010768 | K19: =IF(OR(I19="",J19=""),"",I19-J19) -> 0 | M19: 6 | N19: 工程明細 | O19: 鋼構工程
A20: dazhan-015 | B20: 鋼構工程 | D20: C004 | E20: 鋼構噴砂+1道磷酸鋅底漆 | F20: 噸 | G20: 442.76 | H20: 2900 | I20: 1284004 | J20: =IF(OR(G20="",H20=""),"",ROUND(G20*H20,0)) -> 1284004 | K20: =IF(OR(I20="",J20=""),"",I20-J20) -> 0 | M20: 6 | N20: 工程明細 | O20: 鋼構工程
A21: dazhan-016 | B21: 鋼構工程 | D21: C005 | E21: 鋼構運輸 | F21: 噸 | G21: 442.76 | H21: 1700 | I21: 752692 | J21: =IF(OR(G21="",H21=""),"",ROUND(G21*H21,0)) -> 752692 | K21: =IF(OR(I21="",J21=""),"",I21-J21) -> 0 | M21: 6 | N21: 工程明細 | O21: 鋼構工程
A22: dazhan-017 | B22: 鋼構工程 | D22: C006 | E22: 鋼構加工損耗品/五金焊材 | F22: 噸 | G22: 442.76 | H22: 1500 | I22: 664140 | J22: =IF(OR(G22="",H22=""),"",ROUND(G22*H22,0)) -> 664140 | K22: =IF(OR(I22="",J22=""),"",I22-J22) -> 0 | M22: 6 | N22: 工程明細 | O22: 鋼構工程
A23: dazhan-018 | B23: 鋼構工程 | D23: C007 | E23: 鋼構組立吊裝 | F23: 噸 | G23: 442.76 | H23: 6000 | I23: 2656560 | J23: =IF(OR(G23="",H23=""),"",ROUND(G23*H23,0)) -> 2656560 | K23: =IF(OR(I23="",J23=""),"",I23-J23) -> 0 | M23: 6 | N23: 工程明細 | O23: 鋼構工程
A24: dazhan-019 | B24: 鋼構工程 | D24: C008 | E24: 高拉力螺栓 | F24: KG | G24: 4664 | H24: 88 | I24: 410432 | J24: =IF(OR(G24="",H24=""),"",ROUND(G24*H24,0)) -> 410432 | K24: =IF(OR(I24="",J24=""),"",I24-J24) -> 0 | M24: 6 | N24: 工程明細 | O24: 鋼構工程
A25: dazhan-020 | B25: 鋼構工程 | D25: C009 | E25: 鋼承版（3W DECK T=1.2mm） | F25: M2 | G25: 3867.65 | H25: 630 | I25: 2436620 | J25: =IF(OR(G25="",H25=""),"",ROUND(G25*H25,0)) -> 2436620 | K25: =IF(OR(I25="",J25=""),"",I25-J25) -> 0 | M25: 6 | N25: 工程明細 | O25: 鋼構工程
A26: dazhan-021 | B26: 鋼構工程 | D26: C010 | E26: DECK剪力釘（φ19*76L） | F26: 支 | G26: 14673 | H26: 32 | I26: 469536 | J26: =IF(OR(G26="",H26=""),"",ROUND(G26*H26,0)) -> 469536 | K26: =IF(OR(I26="",J26=""),"",I26-J26) -> 0 | M26: 6 | N26: 工程明細 | O26: 鋼構工程
A27: dazhan-022 | B27: 鋼構工程 | D27: C011 | E27: 與RC牆接合剪力釘 | F27: 支 | G27: 9344 | H27: 30 | I27: 280320 | J27: =IF(OR(G27="",H27=""),"",ROUND(G27*H27,0)) -> 280320 | K27: =IF(OR(I27="",J27=""),"",I27-J27) -> 0 | M27: 6 | N27: 工程明細 | O27: 鋼構工程
... A31: dazhan-026 | B31: 鋼構工程 | D31: C015 | E31: 鋼構無收縮水泥灌注 | F31: 處 | G31: 34 | H31: 4500 | I31: 153000 | J31: =IF(OR(G31="",H31=""),"",ROUND(G31*H31,0)) -> 153000 | K31: =IF(OR(I31="",J31=""),"",I31-J31) -> 0 | M31: 6 | N31: 工程明細 | O31: 鋼構工程
A32: dazhan-027 | B32: 鋼構工程 | D32: C016 | E32: 二工鋼構工程 | F32: KG | G32: 4982 | H32: 88 | I32: 438416 | J32: =IF(OR(G32="",H32=""),"",ROUND(G32*H32,0)) -> 438416 | K32: =IF(OR(I32="",J32=""),"",I32-J32) -> 0 | L32: （含廠製.噴砂油 漆.運輸.安裝） | M32: 6 | N32: 工程明細 | O32: 鋼構工程
A33: dazhan-028 | B33: 鋼構工程 | D33: C017 | E33: 二工鋼承版（3W T=1.2mm） | F33: M2 | G33: 144.2 | H33: 830 | I33: 119686 | J33: =IF(OR(G33="",H33=""),"",ROUND(G33*H33,0)) -> 119686 | K33: =IF(OR(I33="",J33=""),"",I33-J33) -> 0 | M33: 6 | N33: 工程明細 | O33: 鋼構工程
A34: dazhan-029 | B34: 鋼構工程 | D34: C018 | E34: 鋼構檢驗 | F34: 噸 | G34: 442.76 | H34: 650 | I34: 287794 | J34: =IF(OR(G34="",H34=""),"",ROUND(G34*H34,0)) -> 287794 | K34: =IF(OR(I34="",J34=""),"",I34-J34) -> 0 | M34: 6 | N34: 工程明細 | O34: 鋼構工程
A35: dazhan-030 | B35: 鋼構工程 | D35: C019 | E35: 鋼構施工圖繪製及安全措施 | F35: 噸 | G35: 442.76 | H35: 1200 | I35: 531312 | J35: =IF(OR(G35="",H35=""),"",ROUND(G35*H35,0)) -> 531312 | K35: =IF(OR(I35="",J35=""),"",I35-J35) -> 0 | M35: 6 | N35: 工程明細 | O35: 鋼構工程
A36: dazhan-031 | B36: 鋼構工程 | D36: C021 | E36: 鋼樑鋼筋焊植工程 | F36: 支 | G36: 4646 | H36: 30 | I36: 139380 | J36: =IF(OR(G36="",H36=""),"",ROUND(G36*H36,0)) -> 139380 | K36: =IF(OR(I36="",J36=""),"",I36-J36) -> 0 | M36: 6 | N36: 工程明細 | O36: 鋼構工程
A37: dazhan-032 | B37: 鋼構工程 | D37: C022 | E37: 鋼柱.鋼樑噴塗防火漆1小時 | F37: M2 | G37: 5731.95 | H37: 265 | I37: 1518967 | J37: =IF(OR(G37="",H37=""),"",ROUND(G37*H37,0)) -> 1518967 | K37: =IF(OR(I37="",J37=""),"",I37-J37) -> 0 | L37: （FM-906）+面漆 （1030FM | M37: 6 | N37: 工程明細 | O37: 鋼構工程
A38: dazhan-033 | B38: 鋼構工程 | D38: C023 | E38: 甲梯/噴塗及手工刷塗面漆 | F38: 座 | G38: 1 | H38: 32000 | I38: 32000 | J38: =IF(OR(G38="",H38=""),"",ROUND(G38*H38,0)) -> 32000 | K38: =IF(OR(I38="",J38=""),"",I38-J38) -> 0 | M38: 6 | N38: 工程明細 | O38: 鋼構工程
A39: dazhan-034 | B39: 鋼構工程 | D39: C024 | E39: 乙梯/噴塗及手工刷塗面漆 | F39: 座 | G39: 1 | H39: 46000 | I39: 46000 | J39: =IF(OR(G39="",H39=""),"",ROUND(G39*H39,0)) -> 46000 | K39: =IF(OR(I39="",J39=""),"",I39-J39) -> 0 | M39: 6 | N39: 工程明細 | O39: 鋼構工程
A40: dazhan-035 | B40: 鋼構工程 | D40: C025 | E40: 剪刀式高空作業車 | F40: 式 | G40: 1 | H40: 80000 | I40: 80000 | J40: =IF(OR(G40="",H40=""),"",ROUND(G40*H40,0)) -> 80000 | K40: =IF(OR(I40="",J40=""),"",I40-J40) -> 0 | L40: 4台 | M40: 6 | N40: 工程明細 | O40: 鋼構工程
A41: dazhan-036 | B41: 結構工程 | D41: D001 | E41: 鋼筋加工及組立SD280 #3 | F41: T | G41: 96.04 | H41: 27900 | I41: 2679516 | J41: =IF(OR(G41="",H41=""),"",ROUND(G41*H41,0)) -> 2679516 | K41: =IF(OR(I41="",J41=""),"",I41-J41) -> 0 | L41: 非水淬 | M41: 7 | N41: 工程明細 | O41: 土方及結構工程
A42: dazhan-037 | B42: 結構工程 | D42: D002 | E42: 鋼筋加工及組立 SD420W/#4（含）以上 | F42: T | G42: 252.07 | H42: 28700 | I42: 7234409 | J42: =IF(OR(G42="",H42=""),"",ROUND(G42*H42,0)) -> 7234409 | K42: =IF(OR(I42="",J42=""),"",I42-J42) -> 0 | M42: 7 | N42: 工程明細 | O42: 土方及結構工程
A43: dazhan-038 | B43: 結構工程 | D43: D003 | E43: 鋼梯點焊鋼絲網舖設工程 | F43: M2 | G43: 70.91 | H43: 306 | I43: 21698 | J43: =IF(OR(G43="",H43=""),"",ROUND(G43*H43,0)) -> 21698 | K43: =IF(OR(I43="",J43=""),"",I43-J43) -> 0 | M43: 7 | N43: 工程明細 | O43: 土方及結構工程
A44: dazhan-039 | B44: 結構工程 | D44: D004 | E44: 預拌混凝土及澆置 2000PSI | F44: M3 | G44: 286.35 | H44: 2940 | I44: 841869 | J44: =IF(OR(G44="",H44=""),"",ROUND(G44*H44,0)) -> 841869 | K44: =IF(OR(I44="",J44=""),"",I44-J44) -> 0 | L44: 台鋼 | M44: 7 | N44: 工程明細 | O44: 土方及結構工程
A45: dazhan-040 | B45: 結構工程 | D45: D005 | E45: 預拌混凝土及澆置 4000PSI | F45: M3 | G45: 2747.47 | H45: 3240 | I45: 8901803 | J45: =IF(OR(G45="",H45=""),"",ROUND(G45*H45,0)) -> 8901803 | K45: =IF(OR(I45="",J45=""),"",I45-J45) -> 0 | L45: 亞泥 | M45: 7 | N45: 工程明細 | O45: 土方及結構工程
A46: dazhan-041 | B46: 結構工程 | D46: D007 | E46: 模板工程放樣 | F46: 坪 | G46: 1189.5 | H46: 360 | I46: 428220 | J46: =IF(OR(G46="",H46=""),"",ROUND(G46*H46,0)) -> 428220 | K46: =IF(OR(I46="",J46=""),"",I46-J46) -> 0 | M46: 7 | N46: 工程明細 | O46: 土方及結構工程
A47: dazhan-042 | B47: 結構工程 | D47: D008 | E47: 普通模板含組立 | F47: M2 | G47: 12533.35 | H47: 1050 | I47: 13160018 | J47: =IF(OR(G47="",H47=""),"",ROUND(G47*H47,0)) -> 13160018 | K47: =IF(OR(I47="",J47=""),"",I47-J47) -> 0 | M47: 7 | N47: 工程明細 | O47: 土方及結構工程
A48: dazhan-043 | B48: 結構工程 | D48: D009 | E48: 鋼管鷹架（CNS4750）/含內外 交叉拉桿 | F48: M2 | G48: 7913.92 | H48: 280 | I48: 2215898 | J48: =IF(OR(G48="",H48=""),"",ROUND(G48*H48,0)) -> 2215898 | K48: =IF(OR(I48="",J48=""),"",I48-J48) -> 0 | M48: 7 | N48: 工程明細 | O48: 土方及結構工程
A49: dazhan-044 | B49: 結構工程 | D49: D010 | E49: 安全母索及低拉桿 | F49: M | G49: 4655.22 | H49: 110 | I49: 512074 | J49: =IF(OR(G49="",H49=""),"",ROUND(G49*H49,0)) -> 512074 | K49: =IF(OR(I49="",J49=""),"",I49-J49) -> 0 | M49: 7 | N49: 工程明細 | O49: 土方及結構工程
A50: dazhan-045 | B50: 結構工程 | D50: D011 | E50: 防塵網（格層網18針） | F50: M2 | G50: 3901.02 | H50: 65 | I50: 253566 | J50: =IF(OR(G50="",H50=""),"",ROUND(G50*H50,0)) -> 253566 | K50: =IF(OR(I50="",J50=""),"",I50-J50) -> 0 | M50: 7 | N50: 工程明細 | O50: 土方及結構工程
A51: dazhan-046 | B51: 結構工程 | D51: D012 | E51: 安全防墜網 | F51: M | G51: 708.04 | H51: 150 | I51: 106206 | J51: =IF(OR(G51="",H51=""),"",ROUND(G51*H51,0)) -> 106206 | K51: =IF(OR(I51="",J51=""),"",I51-J51) -> 0 | M51: 7 | N51: 工程明細 | O51: 土方及結構工程
A52: dazhan-047 | B52: 結構工程 | D52: D013 | E52: 三角架 | F52: 組 | G52: 18 | H52: 420 | I52: 7560 | J52: =IF(OR(G52="",H52=""),"",ROUND(G52*H52,0)) -> 7560 | K52: =IF(OR(I52="",J52=""),"",I52-J52) -> 0 | M52: 7 | N52: 工程明細 | O52: 土方及結構工程
A53: dazhan-048 | B53: 結構工程 | D53: D014 | E53: 安全夾板 | F53: M | G53: 16.97 | H53: 650 | I53: 11031 | J53: =IF(OR(G53="",H53=""),"",ROUND(G53*H53,0)) -> 11031 | K53: =IF(OR(I53="",J53=""),"",I53-J53) -> 0 | M53: 7 | N53: 工程明細 | O53: 土方及結構工程
A54: dazhan-049 | B54: 結構工程 | D54: D015 | E54: 延伸架 | F54: M | G54: 476.31 | H54: 260 | I54: 123841 | J54: =IF(OR(G54="",H54=""),"",ROUND(G54*H54,0)) -> 123841 | K54: =IF(OR(I54="",J54=""),"",I54-J54) -> 0 | M54: 7 | N54: 工程明細 | O54: 土方及結構工程
A55: dazhan-050 | B55: 結構工程 | D55: D016 | E55: 壁拉桿 | F55: 支 | G55: 118 | H55: 350 | I55: 41300 | J55: =IF(OR(G55="",H55=""),"",ROUND(G55*H55,0)) -> 41300 | K55: =IF(OR(I55="",J55=""),"",I55-J55) -> 0 | M55: 7 | N55: 工程明細 | O55: 土方及結構工程
A56: dazhan-051 | B56: 結構工程 | D56: D017 | E56: 外架鐵爬梯（CNS4750） | F56: 座 | G56: 23 | H56: 900 | I56: 20700 | J56: =IF(OR(G56="",H56=""),"",ROUND(G56*H56,0)) -> 20700 | K56: =IF(OR(I56="",J56=""),"",I56-J56) -> 0 | M56: 7 | N56: 工程明細 | O56: 土方及結構工程
A57: dazhan-052 | B57: 結構工程 | D57: D018 | E57: 裝修施工架 | F57: M2 | G57: 3215.95 | H57: 346 | I57: 1112719 | J57: =IF(OR(G57="",H57=""),"",ROUND(G57*H57,0)) -> 1112719 | K57: =IF(OR(I57="",J57=""),"",I57-J57) -> 0 | M57: 7 | N57: 工程明細 | O57: 土方及結構工程
... A62: dazhan-057 | B62: 內部裝修工程 | D62: E001 | E62: 地坪整體粉光/各層RC澆置後 | F62: M2 | G62: 6317.2 | H62: 70 | I62: 442204 | J62: =IF(OR(G62="",H62=""),"",ROUND(G62*H62,0)) -> 442204 | K62: =IF(OR(I62="",J62=""),"",I62-J62) -> 0 | M62: 8 | N62: 工程明細 | O62: 內外裝修及防水
A63: dazhan-058 | B63: 內部裝修工程 | D63: E003 | E63: 管道間水泥纖維板隔間（雙面 /乾式） | F63: M2 | G63: 96.1 | H63: 1730 | I63: 166253 | J63: =IF(OR(G63="",H63=""),"",ROUND(G63*H63,0)) -> 166253 | K63: =IF(OR(I63="",J63=""),"",I63-J63) -> 0 | L63: 國浦/9mm+CH92+岩 棉+9mm水泥纖維板 | M63: 8 | N63: 工程明細 | O63: 內外裝修及防水
A64: dazhan-059 | B64: 內部裝修工程 | D64: E004 | E64: 一小時防火時效矽酸鈣板隔 間（雙面/乾式）（60A） | F64: M2 | G64: 425.8 | H64: 1620 | I64: 689796 | J64: =IF(OR(G64="",H64=""),"",ROUND(G64*H64,0)) -> 689796 | K64: =IF(OR(I64="",J64=""),"",I64-J64) -> 0 | L64: 國浦/9mm+C100+岩 棉+9mm矽酸鈣板 | M64: 8 | N64: 工程明細 | O64: 內外裝修及防水
A65: dazhan-060 | B65: 內部裝修工程 | D65: E005 | E65: 防火輕隔間上緣刻溝工程 | F65: M | G65: 179.74 | H65: 600 | I65: 107844 | J65: =IF(OR(G65="",H65=""),"",ROUND(G65*H65,0)) -> 107844 | K65: =IF(OR(I65="",J65=""),"",I65-J65) -> 0 | M65: 8 | N65: 工程明細 | O65: 內外裝修及防水
A66: dazhan-061 | B66: 內部裝修工程 | D66: E006 | E66: 矽酸鈣板隔間（雙面/乾式） | F66: M2 | G66: 1110.75 | H66: 1450 | I66: 1610588 | J66: =IF(OR(G66="",H66=""),"",ROUND(G66*H66,0)) -> 1610588 | K66: =IF(OR(I66="",J66=""),"",I66-J66) -> 0 | L66: 國浦 /9mm+C100+9mm矽 酸鈣板 | M66: 8 | N66: 工程明細 | O66: 內外裝修及防水
A67: dazhan-062 | B67: 內部裝修工程 | D67: E007 | E67: 浴廁水泥纖維板隔間（雙面/ 乾式） | F67: M2 | G67: 139.26 | H67: 1450 | I67: 201927 | J67: =IF(OR(G67="",H67=""),"",ROUND(G67*H67,0)) -> 201927 | K67: =IF(OR(I67="",J67=""),"",I67-J67) -> 0 | L67: 國浦 /9mm+C100+9mm水 泥纖維板 | M67: 8 | N67: 工程明細 | O67: 內外裝修及防水
A68: dazhan-063 | B68: 內部裝修工程 | D68: E008 | E68: 輕隔間工程未至頂處上方加 強骨架 | F68: M2 | G68: 156.87 | H68: 600 | I68: 94122 | J68: =IF(OR(G68="",H68=""),"",ROUND(G68*H68,0)) -> 94122 | K68: =IF(OR(I68="",J68=""),"",I68-J68) -> 0 | M68: 8 | N68: 工程明細 | O68: 內外裝修及防水
A69: dazhan-064 | B69: 內部裝修工程 | D69: E009 | E69: 鋼柱包9mm矽酸鈣板隔間（單 面）/1F/H570cm | F69: 處 | G69: 25 | H69: 13600 | I69: 340000 | J69: =IF(OR(G69="",H69=""),"",ROUND(G69*H69,0)) -> 340000 | K69: =IF(OR(I69="",J69=""),"",I69-J69) -> 0 | M69: 8 | N69: 工程明細 | O69: 內外裝修及防水
A70: dazhan-065 | B70: 內部裝修工程 | D70: E010 | E70: 鋼柱包9mm矽酸鈣板隔間（單 面）/2F/H500cm | F70: 處 | G70: 31 | H70: 12000 | I70: 372000 | J70: =IF(OR(G70="",H70=""),"",ROUND(G70*H70,0)) -> 372000 | K70: =IF(OR(I70="",J70=""),"",I70-J70) -> 0 | M70: 8 | N70: 工程明細 | O70: 內外裝修及防水
A71: dazhan-066 | B71: 內部裝修工程 | D71: E011 | E71: 鋼柱包9mm矽酸鈣板隔間（單 面）/3F/H450cm | F71: 處 | G71: 20 | H71: 10800 | I71: 216000 | J71: =IF(OR(G71="",H71=""),"",ROUND(G71*H71,0)) -> 216000 | K71: =IF(OR(I71="",J71=""),"",I71-J71) -> 0 | M71: 8 | N71: 工程明細 | O71: 內外裝修及防水
A72: dazhan-067 | B72: 內部裝修工程 | D72: E012 | E72: 鋼柱包9mm矽酸鈣板隔間（單 面）/RF/H300cm | F72: 處 | G72: 4 | H72: 7200 | I72: 28800 | J72: =IF(OR(G72="",H72=""),"",ROUND(G72*H72,0)) -> 28800 | K72: =IF(OR(I72="",J72=""),"",I72-J72) -> 0 | M72: 8 | N72: 工程明細 | O72: 內外裝修及防水
A73: dazhan-068 | B73: 內部裝修工程 | D73: E013 | E73: FO1-地坪軟底舖止滑石英磚 （30*30）/浴廁 | F73: M2 | G73: 91.67 | H73: 1208 | I73: 110737 | J73: =IF(OR(G73="",H73=""),"",ROUND(G73*H73,0)) -> 110737 | K73: =IF(OR(I73="",J73=""),"",I73-J73) -> 0 | L73: 白馬/傳家系列或 同級品 | M73: 8 | N73: 工程明細 | O73: 內外裝修及防水
A74: dazhan-069 | B74: 內部裝修工程 | D74: E014 | E74: F02-地坪軟底舖石英磚 （30*30）/機房 | F74: M2 | G74: 160.89 | H74: 1208 | I74: 194355 | J74: =IF(OR(G74="",H74=""),"",ROUND(G74*H74,0)) -> 194355 | K74: =IF(OR(I74="",J74=""),"",I74-J74) -> 0 | L74: 白馬/傳家系列或 同級品 | M74: 8 | N74: 工程明細 | O74: 內外裝修及防水
A75: dazhan-070 | B75: 內部裝修工程 | D75: E016 | E75: F03-地坪耐磨環氧樹脂EPOXY 地坪 | F75: M2 | G75: 2925.82 | H75: 710 | I75: 2077332 | J75: =IF(OR(G75="",H75=""),"",ROUND(G75*H75,0)) -> 2077332 | K75: =IF(OR(I75="",J75=""),"",I75-J75) -> 0 | L75: 慶泰3MM流展平塗 | M75: 8 | N75: 工程明細 | O75: 內外裝修及防水
A76: dazhan-071 | B76: 內部裝修工程 | D76: E017 | E76: F04-樓梯地坪貼樓梯磚 （20*20）/含梯間 | F76: M2 | G76: 123.19 | H76: 1771 | I76: 218169 | J76: =IF(OR(G76="",H76=""),"",ROUND(G76*H76,0)) -> 218169 | K76: =IF(OR(I76="",J76=""),"",I76-J76) -> 0 | L76: 白馬/崗玉系列或 同級品 | M76: 8 | N76: 工程明細 | O76: 內外裝修及防水
A77: dazhan-072 | B77: 內部裝修工程 | D77: E018 | E77: F04-樓梯地坪貼樓梯磚 （20*27） | F77: M2 | G77: 48.62 | H77: 1861 | I77: 90482 | J77: =IF(OR(G77="",H77=""),"",ROUND(G77*H77,0)) -> 90482 | K77: =IF(OR(I77="",J77=""),"",I77-J77) -> 0 | L77: 白馬/崗玉系列或 同級品 | M77: 8 | N77: 工程明細 | O77: 內外裝修及防水
A78: dazhan-073 | B78: 內部裝修工程 | D78: E019 | E78: F05-地坪半濕式舖拋光石英 磚（60*60） | F78: M2 | G78: 332.69 | H78: 1489 | I78: 495375 | J78: =IF(OR(G78="",H78=""),"",ROUND(G78*H78,0)) -> 495375 | K78: =IF(OR(I78="",J78=""),"",I78-J78) -> 0 | L78: 白馬/雅緻系列或 同級品 | M78: 9 | N78: 工程明細 | O78: 內外裝修及防水
A79: dazhan-074 | B79: 內部裝修工程 | D79: E020 | E79: F06-地坪硬底舖拋光石英磚 （60*120） | F79: M2 | G79: 125.66 | H79: 2519 | I79: 316538 | J79: =IF(OR(G79="",H79=""),"",ROUND(G79*H79,0)) -> 316538 | K79: =IF(OR(I79="",J79=""),"",I79-J79) -> 0 | L79: 白馬/皇家之星系 列或同級品 | M79: 9 | N79: 工程明細 | O79: 內外裝修及防水
A80: dazhan-075 | B80: 內部裝修工程 | D80: E021 | E80: 地坪矽利康收邊 | F80: M | G80: 382.34 | H80: 70 | I80: 26764 | J80: =IF(OR(G80="",H80=""),"",ROUND(G80*H80,0)) -> 26764 | K80: =IF(OR(I80="",J80=""),"",I80-J80) -> 0 | L80: 道康寧GM | M80: 9 | N80: 工程明細 | O80: 內外裝修及防水
A81: dazhan-076 | B81: 內部裝修工程 | D81: E022 | E81: FO7-地坪軟底舖止滑石英磚 （30*30）/陽台 | F81: M2 | G81: 28.74 | H81: 1208 | I81: 34718 | J81: =IF(OR(G81="",H81=""),"",ROUND(G81*H81,0)) -> 34718 | K81: =IF(OR(I81="",J81=""),"",I81-J81) -> 0 | L81: 白馬/傳家系列或 同級品 | M81: 9 | N81: 工程明細 | O81: 內外裝修及防水
A82: dazhan-077 | B82: 內部裝修工程 | D82: E023 | E82: F08-地坪硬底舖止滑石英磚 （30*60）/外廊 | F82: M2 | G82: 197.55 | H82: 1936 | I82: 382457 | J82: =IF(OR(G82="",H82=""),"",ROUND(G82*H82,0)) -> 382457 | K82: =IF(OR(I82="",J82=""),"",I82-J82) -> 0 | L82: 白馬/箱根系列或 同級品 | M82: 9 | N82: 工程明細 | O82: 內外裝修及防水
A83: dazhan-078 | B83: 內部裝修工程 | D83: E024 | E83: F08-地坪抿石子（1.2分宜蘭 石）/外廊收邊.樓梯.無障礙 坡道 | F83: M2 | G83: 25.34 | H83: 1734 | I83: 43940 | J83: =IF(OR(G83="",H83=""),"",ROUND(G83*H83,0)) -> 43940 | K83: =IF(OR(I83="",J83=""),"",I83-J83) -> 0 | M83: 9 | N83: 工程明細 | O83: 內外裝修及防水
A84: dazhan-079 | B84: 內部裝修工程 | D84: E025 | E84: F09-地坪硬底舖石英磚 （30*30）/ 屋頂平台 | F84: M2 | G84: 1565.1 | H84: 1816 | I84: 2842222 | J84: =IF(OR(G84="",H84=""),"",ROUND(G84*H84,0)) -> 2842222 | K84: =IF(OR(I84="",J84=""),"",I84-J84) -> 0 | L84: 白馬/傳家系列或 同級品 | M84: 9 | N84: 工程明細 | O84: 內外裝修及防水
A85: dazhan-080 | B85: 內部裝修工程 | D85: E026 | E85: F10-地坪半濕式舖拋光石英 磚（30*60）/1MF參觀平台 | F85: M2 | G85: 70.86 | H85: 1489 | I85: 105511 | J85: =IF(OR(G85="",H85=""),"",ROUND(G85*H85,0)) -> 105511 | K85: =IF(OR(I85="",J85=""),"",I85-J85) -> 0 | L85: 白馬/雅緻系列或 同級品 | M85: 9 | N85: 工程明細 | O85: 內外裝修及防水
A86: dazhan-081 | B86: 內部裝修工程 | D86: E027 | E86: W01-內牆1:3MT光刷水泥漆 | F86: M2 | G86: 3156.85 | H86: 842 | I86: 2658068 | J86: =IF(OR(G86="",H86=""),"",ROUND(G86*H86,0)) -> 2658068 | K86: =IF(OR(I86="",J86=""),"",I86-J86) -> 0 | L86: 虹牌/白土*2+底漆 （410-1）+面漆 （450）*2道 | M86: 9 | N86: 工程明細 | O86: 內外裝修及防水
A87: dazhan-082 | B87: 內部裝修工程 | D87: E028 | E87: WO1-輕隔間牆面刷水泥漆 | F87: M2 | G87: 2680.78 | H87: 240 | I87: 643387 | J87: =IF(OR(G87="",H87=""),"",ROUND(G87*H87,0)) -> 643387 | K87: =IF(OR(I87="",J87=""),"",I87-J87) -> 0 | L87: 虹牌/白土*2+底漆 （410-1）+面漆 （450）*2道 | M87: 9 | N87: 工程明細 | O87: 內外裝修及防水
A88: dazhan-083 | B88: 內部裝修工程 | D88: E029 | E88: WO2,W03-內牆打底貼石英磚 （30*30）/H270cm | F88: M2 | G88: 176.54 | H88: 1715 | I88: 302766 | J88: =IF(OR(G88="",H88=""),"",ROUND(G88*H88,0)) -> 302766 | K88: =IF(OR(I88="",J88=""),"",I88-J88) -> 0 | L88: 白馬/傳家系列或 同級品 | M88: 9 | N88: 工程明細 | O88: 內外裝修及防水
A89: dazhan-084 | B89: 內部裝修工程 | D89: E030 | E89: W02. W03-輕隔間貼石英磚 （30*30）/H270cm | F89: M2 | G89: 191.99 | H89: 1145 | I89: 219829 | J89: =IF(OR(G89="",H89=""),"",ROUND(G89*H89,0)) -> 219829 | K89: =IF(OR(I89="",J89=""),"",I89-J89) -> 0 | L89: 白馬/傳家系列或 同級品 | M89: 9 | N89: 工程明細 | O89: 內外裝修及防水
A90: dazhan-085 | B90: 內部裝修工程 | D90: E032 | E90: 機房/內牆1:3MT光刷水泥漆 | F90: M2 | G90: 513.66 | H90: 842 | I90: 432502 | J90: =IF(OR(G90="",H90=""),"",ROUND(G90*H90,0)) -> 432502 | K90: =IF(OR(I90="",J90=""),"",I90-J90) -> 0 | L90: 虹牌/白土*2+底漆 （410-1）+面漆 （450）*2道 | M90: 9 | N90: 工程明細 | O90: 內外裝修及防水
A91: dazhan-086 | B91: 內部裝修工程 | D91: E033 | E91: 平頂明架礦纖天花板（60*60） | F91: M2 | G91: 958.42 | H91: 450 | I91: 431289 | J91: =IF(OR(G91="",H91=""),"",ROUND(G91*H91,0)) -> 431289 | K91: =IF(OR(I91="",J91=""),"",I91-J91) -> 0 | M91: 9 | N91: 工程明細 | O91: 內外裝修及防水
A92: dazhan-087 | B92: 內部裝修工程 | D92: E034 | E92: 平頂暗架矽酸鈣板天花（平面 式） | F92: M2 | G92: 119.17 | H92: 1410 | I92: 168030 | J92: =IF(OR(G92="",H92=""),"",ROUND(G92*H92,0)) -> 168030 | K92: =IF(OR(I92="",J92=""),"",I92-J92) -> 0 | L92: 國浦6mm/虹牌/白 土*1+底漆（410- 1+467AD）+面漆 （450）*2道 | M92: 9 | N92: 工程明細 | O92: 內外裝修及防水
A93: dazhan-088 | B93: 內部裝修工程 | D93: E035 | E93: 暗架平頂天花脫溝 | F93: M | G93: 109.9 | H93: 980 | I93: 107702 | J93: =IF(OR(G93="",H93=""),"",ROUND(G93*H93,0)) -> 107702 | K93: =IF(OR(I93="",J93=""),"",I93-J93) -> 0 | M93: 10 | N93: 工程明細 | O93: 內外裝修及防水
A94: dazhan-089 | B94: 內部裝修工程 | D94: E036 | E94: 刀具室平頂暗架矽酸鈣板天 花-上下封板 | F94: M2 | G94: 26.57 | H94: 1480 | I94: 39324 | J94: =IF(OR(G94="",H94=""),"",ROUND(G94*H94,0)) -> 39324 | K94: =IF(OR(I94="",J94=""),"",I94-J94) -> 0 | M94: 10 | N94: 工程明細 | O94: 內外裝修及防水
A95: dazhan-090 | B95: 內部裝修工程 | D95: E037 | E95: 蹲式馬桶砌磚工程 | F95: 式 | G95: 1 | H95: 34563 | I95: 34563 | J95: =IF(OR(G95="",H95=""),"",ROUND(G95*H95,0)) -> 34563 | K95: =IF(OR(I95="",J95=""),"",I95-J95) -> 0 | M95: 10 | N95: 工程明細 | O95: 內外裝修及防水
A96: dazhan-091 | B96: 內部裝修工程 | D96: E038 | E96: 浴廁彈泥防水工程（地坪+牆 面H120cm） | F96: M2 | G96: 248.23 | H96: 308 | I96: 76455 | J96: =IF(OR(G96="",H96=""),"",ROUND(G96*H96,0)) -> 76455 | K96: =IF(OR(I96="",J96=""),"",I96-J96) -> 0 | L96: 慶泰單液彈泥/詳 估價書備註說明 | M96: 10 | N96: 工程明細 | O96: 內外裝修及防水
A97: dazhan-092 | B97: 內部裝修工程 | D97: E039 | E97: 浴廁不垂流手拌聚脲防水收 邊 | F97: M | G97: 67.47 | H97: 680 | I97: 45880 | J97: =IF(OR(G97="",H97=""),"",ROUND(G97*H97,0)) -> 45880 | K97: =IF(OR(I97="",J97=""),"",I97-J97) -> 0 | L97: 不垂流手拌聚脲/ 詳估價書備註說明 | M97: 10 | N97: 工程明細 | O97: 內外裝修及防水
A98: dazhan-093 | B98: 內部裝修工程 | D98: E040 | E98: 陽台地坪彈泥防水工程 | F98: M2 | G98: 41.41 | H98: 308 | I98: 12754 | J98: =IF(OR(G98="",H98=""),"",ROUND(G98*H98,0)) -> 12754 | K98: =IF(OR(I98="",J98=""),"",I98-J98) -> 0 | L98: 彈泥防水+角PU/ | M98: 10 | N98: 工程明細 | O98: 內外裝修及防水
A99: dazhan-094 | B99: 內部裝修工程 | D99: E041 | E99: 陽台L角PU防水 | F99: M | G99: 49.85 | H99: 380 | I99: 18943 | J99: =IF(OR(G99="",H99=""),"",ROUND(G99*H99,0)) -> 18943 | K99: =IF(OR(I99="",J99=""),"",I99-J99) -> 0 | L99: 詳估價書備註說明 | M99: 10 | N99: 工程明細 | O99: 內外裝修及防水
A100: dazhan-095 | B100: 內部裝修工程 | D100: E042 | E100: 3MM聚脲防水工程（有覆蓋 材）/屋頂平台 | F100: M2 | G100: 1686.01 | H100: 1800 | I100: 3034818 | J100: =IF(OR(G100="",H100=""),"",ROUND(G100*H100,0)) -> 3034818 | K100: =IF(OR(I100="",J100=""),"",I100-J100) -> 0 | L100: 慶泰聚脲/詳估價 書備註說明 | M100: 10 | N100: 工程明細 | O100: 內外裝修及防水
A101: dazhan-096 | B101: 內部裝修工程 | D101: E043 | E101: 3MM聚脲防水工程（無覆蓋 材）/屋突平台、IMF露台 | F101: M2 | G101: 318.79 | H101: 1800 | I101: 573822 | J101: =IF(OR(G101="",H101=""),"",ROUND(G101*H101,0)) -> 573822 | K101: =IF(OR(I101="",J101=""),"",I101-J101) -> 0 | L101: 慶泰聚脲/詳估價 書備註說明 | M101: 10 | N101: 工程明細 | O101: 內外裝修及防水
A102: dazhan-097 | B102: 內部裝修工程 | D102: E044 | E102: 外廊地坪彈泥防水工程 | F102: M2 | G102: 217.12 | H102: 308 | I102: 66873 | J102: =IF(OR(G102="",H102=""),"",ROUND(G102*H102,0)) -> 66873 | K102: =IF(OR(I102="",J102=""),"",I102-J102) -> 0 | L102: 慶泰單液彈泥/詳 估價書備註說明 | M102: 10 | N102: 工程明細 | O102: 內外裝修及防水
A103: dazhan-098 | B103: 內部裝修工程 | D103: E045 | E103: 防水粉刷-電梯機坑、消防水 池（五面） | F103: M2 | G103: 121.64 | H103: 682 | I103: 82958 | J103: =IF(OR(G103="",H103=""),"",ROUND(G103*H103,0)) -> 82958 | K103: =IF(OR(I103="",J103=""),"",I103-J103) -> 0 | L103: 添加固德強防水砂 漿 | M103: 10 | N103: 工程明細 | O103: 內外裝修及防水
A104: dazhan-099 | B104: 內部裝修工程 | D104: E046 | E104: 內牆磁磚磨角 | F104: 式 | G104: 1 | H104: 26000 | I104: 26000 | J104: =IF(OR(G104="",H104=""),"",ROUND(G104*H104,0)) -> 26000 | K104: =IF(OR(I104="",J104=""),"",I104-J104) -> 0 | M104: 10 | N104: 工程明細 | O104: 內外裝修及防水
A105: dazhan-100 | B105: 外部裝修工程 | D105: F001 | E105: 外牆打底貼二丁掛（深色）/平 磚 | F105: M2 | G105: 1988.62 | H105: 1631 | I105: 3243439 | J105: =IF(OR(G105="",H105=""),"",ROUND(G105*H105,0)) -> 3243439 | K105: =IF(OR(I105="",J105=""),"",I105-J105) -> 0 | L105: 白馬/璞久石系列 或同級品 | M105: 11 | N105: 工程明細 | O105: 內外裝修及防水
A106: dazhan-101 | B106: 外部裝修工程 | D106: F002 | E106: 外牆彩色鋼板（清板）/275企 口型扣合式烤漆鋼板 | F106: M2 | G106: 26.06 | H106: 4895 | I106: 127564 | J106: =IF(OR(G106="",H106=""),"",ROUND(G106*H106,0)) -> 127564 | K106: =IF(OR(I106="",J106=""),"",I106-J106) -> 0 | M106: 11 | N106: 工程明細 | O106: 內外裝修及防水
A107: dazhan-102 | B107: 外部裝修工程 | D107: F004 | E107: 外牆1:3MT噴仿清水模塗料/ 鈴鹿 | F107: M2 | G107: 289.12 | H107: 1910 | I107: 552219 | J107: =IF(OR(G107="",H107=""),"",ROUND(G107*H107,0)) -> 552219 | K107: =IF(OR(I107="",J107=""),"",I107-J107) -> 0 | M107: 11 | N107: 工程明細 | O107: 內外裝修及防水
A108: dazhan-103 | B108: 外部裝修工程 | D108: F005 | E108: 外牆1:3MT噴單彩塗料/鈴鹿- 細緻紋理（淺色） | F108: M2 | G108: 660.54 | H108: 1480 | I108: 977599 | J108: =IF(OR(G108="",H108=""),"",ROUND(G108*H108,0)) -> 977599 | K108: =IF(OR(I108="",J108=""),"",I108-J108) -> 0 | M108: 11 | N108: 工程明細 | O108: 內外裝修及防水
A109: dazhan-104 | B109: 外部裝修工程 | D109: F006 | E109: 外牆塗料滴水條 | F109: M | G109: 320.95 | H109: 350 | I109: 112333 | J109: =IF(OR(G109="",H109=""),"",ROUND(G109*H109,0)) -> 112333 | K109: =IF(OR(I109="",J109=""),"",I109-J109) -> 0 | M109: 11 | N109: 工程明細 | O109: 內外裝修及防水
...

Sheet 備註與來源
A2: 來源與報價條款
A5: PDF頁 | B5: 內容類型 | C5: 原文／整理說明
B6: 來源PDF | C6: 115.09.30-大展營造-工程估價書.pdf
B7: 提供文件頁數 | C7: 20
B8: 整理原則 | C8: 原複價為分析基礎；未列價不當零元；數量×單價僅供核對。
A9: 1 | B9: 原報價一般備註（掃描轉錄） | C9: 備註說明：
A10: 1 | B10: 原報價一般備註（掃描轉錄） | C10: 天營造股份有限公司
A11: 1 | B11: 原報價一般備註（掃描轉錄） | C11: 壹、本估價自報價日起7天內有效。
A12: 1 | B12: 原報價一般備註（掃描轉錄） | C12: * 115.9.30需
A13: 1 | B13: 原報價一般備註（掃描轉錄） | C13: 貳、報價單項目說明如下：
A14: 1 | B14: 原報價一般備註（掃描轉錄） | C14: 報價專用章
A15: 1 | B15: 原報價一般備註（掃描轉錄） | C15: 1、不含臨時水電申請外管線路費、空氣汙染防制費
A16: 1 | B16: 原報價一般備註（掃描轉錄） | C16: /待主管機關設定完成後由業主自理繳費。 | 估算成控
A17: 1 | B17: 原報價一般備註（掃描轉錄） | C17: 2、不含衛浴設備及承裝工程、安全維護設備及承裝工程、機電設備及承裝工程。
A18: 1 | B18: 原報價一般備註（掃描轉錄） | C18: 3、不含電梯設備及承裝工程（業主自理）/施工階段須無償提供營造借用電梯使用。
A19: 1 | B19: 原報價一般備註（掃描轉錄） | C19: 4、10人份污水處理設施採RC預鑄式報價（免另施作護體）
A20: 1 | B20: 原報價一般備註（掃描轉錄） | C20: 5、依建照綠化檢討區域留設戶外地坪（僅估列至整體粉光（刷毛）-無裝修材）、草皮、
... A75: 1 | B75: 文件與整理方式 | C75: PDF實際20頁，頁首標示共41頁；本次已整理提供的20頁，須確認是否尚有附件。 原始PDF保留；金額以原複價為準，乘算差額另列。
